promo_name,promo_url,promo_hits,region,gender,special_promo_coef,special_promo_p_val,special_promo_control_coef,special_promo_control_p_val,special_promo_dates,special_promo_control_dates
(경기혈액원)6.14헌혈자의 날 기념 프로모션,https://www.bloodinfo.net/knrcbs/pr/promtn/promtnInfoView.do?mi=1099&promtnSn=181142&result=L,3928,경기,남,0.07385685089268518,0.4492840188127164,-0.049739281490157446,0.1827421568501483,4,28
(경기혈액원)6.14헌혈자의 날 기념 프로모션,https://www.bloodinfo.net/knrcbs/pr/promtn/promtnInfoView.do?mi=1099&promtnSn=181142&result=L,3928,경기,여,0.09174755497316006,0.43737974051673156,-0.1399592480873609,0.0019921829078082065,4,28
[경기혈액원] 2023년 헌혈자의 날(6.14)기념 헌혈자 초청 프로모션( KT위즈 vs 삼성라이온즈),https://www.bloodinfo.net/knrcbs/pr/promtn/promtnInfoView.do?mi=1099&promtnSn=180960&result=L,12354,경기,남,0.08752680175111188,0.07662473008846493,-0.03984663088660016,0.2862101204584692,16,28
[경기혈액원] 2023년 헌혈자의 날(6.14)기념 헌혈자 초청 프로모션( KT위즈 vs 삼성라이온즈),https://www.bloodinfo.net/knrcbs/pr/promtn/promtnInfoView.do?mi=1099&promtnSn=180960&result=L,12354,경기,여,0.017848377319393458,0.766131971854076,-0.09486508599738523,0.036790407315284296,16,28
경기혈액원 중장년 문화행사 서울스카이 겨울풀코스,https://www.bloodinfo.net/knrcbs/pr/promtn/promtnInfoView.do?mi=1099&promtnSn=164457&result=L,15754,경기,남,-0.012584096612624215,0.6452949377598538,0.038079851017584786,0.3102792303677445,54,28
경기혈액원 중장년 문화행사 서울스카이 겨울풀코스,https://www.bloodinfo.net/knrcbs/pr/promtn/promtnInfoView.do?mi=1099&promtnSn=164457&result=L,15754,경기,여,-0.037433253319752356,0.26020271264321293,0.09190123961047464,0.044171444938795025,54,28
헌혈하는 당신에게 지금쏜닭,https://www.bloodinfo.net/knrcbs/pr/promtn/promtnInfoView.do?mi=1099&promtnSn=163417&result=L,31614,경기,남,-0.05664603324381993,0.11549708173812473,-0.06770899903641145,0.06885688750053619,30,28
헌혈하는 당신에게 지금쏜닭,https://www.bloodinfo.net/knrcbs/pr/promtn/promtnInfoView.do?mi=1099&promtnSn=163417&result=L,31614,경기,여,0.00899772017296687,0.8386261295289408,0.07067324035079676,0.12204366011328455,30,28
Thanks! 헌혈자를 위해 산타가 쏜다!!!,https://www.bloodinfo.net/knrcbs/pr/promtn/promtnInfoView.do?mi=1099&promtnSn=161777&result=L,23294,경기,남,0.06453733960670541,0.03246143764036738,0.11545233275707524,0.002096014494821082,44,28
Thanks! 헌혈자를 위해 산타가 쏜다!!!,https://www.bloodinfo.net/knrcbs/pr/promtn/promtnInfoView.do?mi=1099&promtnSn=161777&result=L,23294,경기,여,-0.02794806349228733,0.44662014741006084,0.037763688624415544,0.4077147905625148,44,28
다회헌혈자를 위한 2021 헌혈 프로모션,https://www.bloodinfo.net/knrcbs/pr/promtn/promtnInfoView.do?mi=1099&promtnSn=161657&result=L,20547,경기,남,0.08089097976293634,0.004498228472593898,0.05553933965142064,0.139673126578481,50,28
다회헌혈자를 위한 2021 헌혈 프로모션,https://www.bloodinfo.net/knrcbs/pr/promtn/promtnInfoView.do?mi=1099&promtnSn=161657&result=L,20547,경기,여,-0.011193878245317238,0.7459786040519962,-0.016448826419642907,0.7189360117665747,50,28
경기혈액원과 함께하는 시원한 여름나기 프로모션,https://www.bloodinfo.net/knrcbs/pr/promtn/promtnInfoView.do?mi=1099&promtnSn=160781&result=L,21772,경기,남,-0.030941174863452263,0.22970083359280252,0.11250716704587814,0.002610226533286922,61,28
경기혈액원과 함께하는 시원한 여름나기 프로모션,https://www.bloodinfo.net/knrcbs/pr/promtn/promtnInfoView.do?mi=1099&promtnSn=160781&result=L,21772,경기,여,0.00841015257719136,0.7897820443707076,0.013557285406915072,0.766612186732658,61,28
[서울남부혈액원] 헌혈하고 야구보자! (프로야구관람 프로모션),https://www.bloodinfo.net/knrcbs/pr/promtn/promtnInfoView.do?mi=1099&promtnSn=181281&result=L,4864,서울남부,남,0.09599596166280723,0.14646559710607543,0.05322052184455748,0.20306123620969405,11,28
[서울남부혈액원] 헌혈하고 야구보자! (프로야구관람 프로모션),https://www.bloodinfo.net/knrcbs/pr/promtn/promtnInfoView.do?mi=1099&promtnSn=181281&result=L,4864,서울남부,여,0.13592195866157022,0.16586379533606452,0.2377383662271363,0.00013436471307432484,11,28
[서울남부]6.14 달콤한 프로모션!,https://www.bloodinfo.net/knrcbs/pr/promtn/promtnInfoView.do?mi=1099&promtnSn=181141&result=L,2851,서울남부,남,0.4796228935751064,0.00013897991912494554,0.07808695928427556,0.06028193112999943,3,28
[서울남부]6.14 달콤한 프로모션!,https://www.bloodinfo.net/knrcbs/pr/promtn/promtnInfoView.do?mi=1099&promtnSn=181141&result=L,2851,서울남부,여,1.1561365984076788,4.756027341758844e-10,-0.06844750520348879,0.2607624138747002,3,28
[서울남부]농심과 함께 하는 건강 UP 헌혈 프로모션(6월),https://www.bloodinfo.net/knrcbs/pr/promtn/promtnInfoView.do?mi=1099&promtnSn=181080&result=L,7753,서울남부,남,0.11459698808107821,0.004604886235604481,0.11242755677383287,0.007196102376532943,30,28
[서울남부]농심과 함께 하는 건강 UP 헌혈 프로모션(6월),https://www.bloodinfo.net/knrcbs/pr/promtn/promtnInfoView.do?mi=1099&promtnSn=181080&result=L,7753,서울남부,여,0.04361609431649058,0.46769036300298905,0.0024223512098762107,0.9688954546068159,30,28
"[서울남부] 판교, 하남센터 여름맞이 이벤트",https://www.bloodinfo.net/knrcbs/pr/promtn/promtnInfoView.do?mi=1099&promtnSn=181021&result=L,1911,서울남부,남,0.0509112429917595,0.6019715228653814,0.15207596951823146,0.0002753615969943779,5,28
"[서울남부] 판교, 하남센터 여름맞이 이벤트",https://www.bloodinfo.net/knrcbs/pr/promtn/promtnInfoView.do?mi=1099&promtnSn=181021&result=L,1911,서울남부,여,-0.1435030958772826,0.3235787077297264,0.06323653850202081,0.30814517387984697,5,28
[서울남부] 이마트 쓱고우와 함께하는 이벤트,https://www.bloodinfo.net/knrcbs/pr/promtn/promtnInfoView.do?mi=1099&promtnSn=180940&result=L,5539,서울남부,남,0.13444291554045068,0.0016394951011610608,0.044571203395860515,0.2854593024556238,27,28
[서울남부] 이마트 쓱고우와 함께하는 이벤트,https://www.bloodinfo.net/knrcbs/pr/promtn/promtnInfoView.do?mi=1099&promtnSn=180940&result=L,5539,서울남부,여,0.03581232747297297,0.5723339684491222,0.062090914632624936,0.31774226095971614,27,28
[서울남부]농심과 함께 하는 건강 UP 헌혈 프로모션(5월),https://www.bloodinfo.net/knrcbs/pr/promtn/promtnInfoView.do?mi=1099&promtnSn=180800&result=L,7626,서울남부,남,0.1032841209252319,0.009568429531110083,0.0803224677206608,0.05472170772393803,31,28
[서울남부]농심과 함께 하는 건강 UP 헌혈 프로모션(5월),https://www.bloodinfo.net/knrcbs/pr/promtn/promtnInfoView.do?mi=1099&promtnSn=180800&result=L,7626,서울남부,여,0.06089238334178188,0.30388702500392506,0.04480689832472336,0.47103993880577943,31,28
[서울남부] 레깅스 추가 증정 이벤트,https://www.bloodinfo.net/knrcbs/pr/promtn/promtnInfoView.do?mi=1099&promtnSn=180660&result=L,2245,서울남부,남,-0.09665425047404241,0.5312595692597295,0.01823802065004472,0.6623140037057954,2,28
[서울남부] 레깅스 추가 증정 이벤트,https://www.bloodinfo.net/knrcbs/pr/promtn/promtnInfoView.do?mi=1099&promtnSn=180660&result=L,2245,서울남부,여,0.19266461418176029,0.40107754489136305,0.03962620745764403,0.5231786919077819,2,28
[서울남부]농심과 함께 하는 건강 UP 헌혈 프로모션(4월),https://www.bloodinfo.net/knrcbs/pr/promtn/promtnInfoView.do?mi=1099&promtnSn=180586&result=L,10024,서울남부,남,0.002522903359364304,0.9502136402317313,0.10548609386006458,0.011680446694496258,30,28
[서울남부]농심과 함께 하는 건강 UP 헌혈 프로모션(4월),https://www.bloodinfo.net/knrcbs/pr/promtn/promtnInfoView.do?mi=1099&promtnSn=180586&result=L,10024,서울남부,여,0.05379296042211564,0.37113071342320836,0.03234739790386255,0.6027599230533893,30,28
[서울남부]농심과 함께 하는 건강 UP 헌혈 프로모션,https://www.bloodinfo.net/knrcbs/pr/promtn/promtnInfoView.do?mi=1099&promtnSn=180362&result=L,12431,서울남부,남,0.07880237940820962,0.04727527715139493,-0.05224039445492847,0.21043264111713725,31,28
[서울남부]농심과 함께 하는 건강 UP 헌혈 프로모션,https://www.bloodinfo.net/knrcbs/pr/promtn/promtnInfoView.do?mi=1099&promtnSn=180362&result=L,12431,서울남부,여,-0.08827672222221623,0.1334113920064164,0.001957874193377662,0.9747143029029759,31,28
[서울남부]3·1운동 헌혈운동,https://www.bloodinfo.net/knrcbs/pr/promtn/promtnInfoView.do?mi=1099&promtnSn=180361&result=L,11471,서울남부,남,0.07880237940820962,0.04727527715139493,-0.05224039445492847,0.21043264111713725,31,28
[서울남부]3·1운동 헌혈운동,https://www.bloodinfo.net/knrcbs/pr/promtn/promtnInfoView.do?mi=1099&promtnSn=180361&result=L,11471,서울남부,여,-0.08827672222221623,0.1334113920064164,0.001957874193377662,0.9747143029029759,31,28
[서울남부혈액원]코엑스 아쿠아리움과 함께하는 새해맞이 이벤트,https://www.bloodinfo.net/knrcbs/pr/promtn/promtnInfoView.do?mi=1099&promtnSn=180082&result=L,12760,서울남부,남,0.04481036828004703,0.08786353514900422,-0.03127961502795339,0.4547225954191221,75,28
[서울남부혈액원]코엑스 아쿠아리움과 함께하는 새해맞이 이벤트,https://www.bloodinfo.net/knrcbs/pr/promtn/promtnInfoView.do?mi=1099&promtnSn=180082&result=L,12760,서울남부,여,-0.047577666542375795,0.217925519236363,-0.08806221490125077,0.1527770302811476,75,28
[서울남부혈액원]1월  혈소판 헌혈 주간 이벤트,https://www.bloodinfo.net/knrcbs/pr/promtn/promtnInfoView.do?mi=1099&promtnSn=180081&result=L,5369,서울남부,남,0.0981633486485786,0.1628163450680827,0.007374198844382051,0.8598170941468793,10,28
[서울남부혈액원]1월  혈소판 헌혈 주간 이벤트,https://www.bloodinfo.net/knrcbs/pr/promtn/promtnInfoView.do?mi=1099&promtnSn=180081&result=L,5369,서울남부,여,0.07509592687284164,0.46924870167785193,-0.12940397978603654,0.03595989342828962,10,28
2022년 서울남부혈액원 크리스마스 프로모션,https://www.bloodinfo.net/knrcbs/pr/promtn/promtnInfoView.do?mi=1099&promtnSn=165217&result=L,19820,서울남부,남,0.12289841780069533,0.005216401983759781,0.17594091047896485,2.5150153766571014e-05,25,28
2022년 서울남부혈액원 크리스마스 프로모션,https://www.bloodinfo.net/knrcbs/pr/promtn/promtnInfoView.do?mi=1099&promtnSn=165217&result=L,19820,서울남부,여,0.053795800172670986,0.41100233416554255,-0.06154830654178156,0.3204009120374191,25,28
헌혈한 당신을 위한 특별한 하루,https://www.bloodinfo.net/knrcbs/pr/promtn/promtnInfoView.do?mi=1099&promtnSn=164417&result=L,22203,서울남부,남,-0.030455350878722403,0.2860256154164011,0.07377484812429326,0.07782993586454917,62,28
헌혈한 당신을 위한 특별한 하루,https://www.bloodinfo.net/knrcbs/pr/promtn/promtnInfoView.do?mi=1099&promtnSn=164417&result=L,22203,서울남부,여,0.042263919545583686,0.31326187388513294,0.4510856925095778,4.2858387814060954e-13,62,28
봄에는 헌혈,https://www.bloodinfo.net/knrcbs/pr/promtn/promtnInfoView.do?mi=1099&promtnSn=162897&result=L,21354,서울남부,남,-0.14908199542949346,0.0001166350936257315,-0.06246825430150278,0.1287989664303048,32,28
봄에는 헌혈,https://www.bloodinfo.net/knrcbs/pr/promtn/promtnInfoView.do?mi=1099&promtnSn=162897&result=L,21354,서울남부,여,-0.016271408765501913,0.7798841124190353,0.09416115694587912,0.12966831233134646,32,28
3·1운동 헌혈운동,https://www.bloodinfo.net/knrcbs/pr/promtn/promtnInfoView.do?mi=1099&promtnSn=162777&result=L,19558,서울남부,남,-0.17771762782963524,4.963294685734019e-06,-0.1410103479910956,0.000543526960051236,31,28
3·1운동 헌혈운동,https://www.bloodinfo.net/knrcbs/pr/promtn/promtnInfoView.do?mi=1099&promtnSn=162777&result=L,19558,서울남부,여,-0.10546637005352472,0.07320514781751977,0.04595615783850956,0.45694480597047504,31,28
서울남부혈액원에서 헌혈하고 호랑이 기운 받아가세요,https://www.bloodinfo.net/knrcbs/pr/promtn/promtnInfoView.do?mi=1099&promtnSn=162657&result=L,5658,서울남부,남,-0.05827264344725117,0.3795585781237152,-0.07727211370965492,0.06313646563954765,11,28
서울남부혈액원에서 헌혈하고 호랑이 기운 받아가세요,https://www.bloodinfo.net/knrcbs/pr/promtn/promtnInfoView.do?mi=1099&promtnSn=162657&result=L,5658,서울남부,여,-0.08711179214228039,0.3746371661687302,-0.14658654967009166,0.017260108494449686,11,28
새해맞이 내지갑속선물 이벤트,https://www.bloodinfo.net/knrcbs/pr/promtn/promtnInfoView.do?mi=1099&promtnSn=162505&result=L,23069,서울남부,남,-0.13317878421340607,0.005333831192124447,0.022020102998746047,0.5999419436250262,21,28
새해맞이 내지갑속선물 이벤트,https://www.bloodinfo.net/knrcbs/pr/promtn/promtnInfoView.do?mi=1099&promtnSn=162505&result=L,23069,서울남부,여,-0.2491793299971753,0.00042339828246964675,0.012505105342514764,0.8401690274900941,21,28
2021년 서울남부혈액원 크리스마스 이벤트,https://www.bloodinfo.net/knrcbs/pr/promtn/promtnInfoView.do?mi=1099&promtnSn=162297&result=L,18975,서울남부,남,0.07820583917931222,0.12137191974453837,0.10595165748347188,0.011474768456968302,19,28
2021년 서울남부혈액원 크리스마스 이벤트,https://www.bloodinfo.net/knrcbs/pr/promtn/promtnInfoView.do?mi=1099&promtnSn=162297&result=L,18975,서울남부,여,-0.0058137413055321585,0.9382257413602446,0.08638358912542678,0.16517776622355382,19,28
서울남부혈액원 30~60대 헌혈자를 응원합니다!,https://www.bloodinfo.net/knrcbs/pr/promtn/promtnInfoView.do?mi=1099&promtnSn=161901&result=L,15181,서울남부,남,0.021905385969097205,0.5883614079066923,0.04004245343692799,0.3385997500198563,30,28
서울남부혈액원 30~60대 헌혈자를 응원합니다!,https://www.bloodinfo.net/knrcbs/pr/promtn/promtnInfoView.do?mi=1099&promtnSn=161901&result=L,15181,서울남부,여,-0.004775192934978622,0.9365001909564845,-0.03055518513858294,0.621908967708539,30,28
나랑 별 보러 가지 않을래?,https://www.bloodinfo.net/knrcbs/pr/promtn/promtnInfoView.do?mi=1099&promtnSn=161017&result=L,21380,서울남부,남,-0.17023279735659064,5.962562360621533e-08,-0.008419834728441572,0.8363267837980481,49,28
나랑 별 보러 가지 않을래?,https://www.bloodinfo.net/knrcbs/pr/promtn/promtnInfoView.do?mi=1099&promtnSn=161017&result=L,21380,서울남부,여,-0.040306797990155706,0.39420891224684385,-0.01704173309032088,0.7829479062745914,49,28
[서울동부혈액원] 헌혈자의 날(6.14) 기념 특별기념품 증정,https://www.bloodinfo.net/knrcbs/pr/promtn/promtnInfoView.do?mi=1099&promtnSn=181161&result=L,3468,서울동부,남,0.4714330312063876,0.004345369535243019,-0.08182338532097706,0.066779654255291,2,28
[서울동부혈액원] 헌혈자의 날(6.14) 기념 특별기념품 증정,https://www.bloodinfo.net/knrcbs/pr/promtn/promtnInfoView.do?mi=1099&promtnSn=181161&result=L,3468,서울동부,여,1.0511771023275769,2.0317513741591262e-07,0.10568446100983679,0.05183974092126545,2,28
[서울동부혈액원] 헌혈자의 날 축제 614 투게더 프로모션,https://www.bloodinfo.net/knrcbs/pr/promtn/promtnInfoView.do?mi=1099&promtnSn=180981&result=L,36853,서울동부,남,0.04767090945279307,0.35747247896926604,-0.0465038132705566,0.3003210883457096,21,28
[서울동부혈액원] 헌혈자의 날 축제 614 투게더 프로모션,https://www.bloodinfo.net/knrcbs/pr/promtn/promtnInfoView.do?mi=1099&promtnSn=180981&result=L,36853,서울동부,여,0.2191439585041402,0.0005586587903622954,0.11456483580437735,0.036981918659836945,21,28
[서울동부혈액원] 헌혈하고 예뻐져봄!,https://www.bloodinfo.net/knrcbs/pr/promtn/promtnInfoView.do?mi=1099&promtnSn=180640&result=L,11041,서울동부,남,-0.02537038894316774,0.6856742056133105,-0.09917027769902313,0.02662930600934442,14,28
[서울동부혈액원] 헌혈하고 예뻐져봄!,https://www.bloodinfo.net/knrcbs/pr/promtn/promtnInfoView.do?mi=1099&promtnSn=180640&result=L,11041,서울동부,여,0.12194597966463917,0.11395188381016555,0.028609834800723006,0.6026230296054812,14,28
[서울동부혈액원] 4.1~4.16 헌혈하고 롯데월드로 봄소풍 떠나봄!,https://www.bloodinfo.net/knrcbs/pr/promtn/promtnInfoView.do?mi=1099&promtnSn=180560&result=L,11989,서울동부,남,-0.11483298885717971,0.051203720347328494,0.1237007843565821,0.005822943884838793,16,28
[서울동부혈액원] 4.1~4.16 헌혈하고 롯데월드로 봄소풍 떠나봄!,https://www.bloodinfo.net/knrcbs/pr/promtn/promtnInfoView.do?mi=1099&promtnSn=180560&result=L,11989,서울동부,여,-0.026307984271434975,0.7155629691295808,0.0690613932387537,0.20885738338667292,16,28
[서울동부혈액원] 3.24(금) 뮤지컬 베토벤 공연/추첨 증정 프로모션,https://www.bloodinfo.net/knrcbs/pr/promtn/promtnInfoView.do?mi=1099&promtnSn=180501&result=L,6240,서울동부,남,0.22713338705074337,0.01049581346978296,0.14218574671456854,0.0015623259044804084,7,28
[서울동부혈액원] 3.24(금) 뮤지컬 베토벤 공연/추첨 증정 프로모션,https://www.bloodinfo.net/knrcbs/pr/promtn/promtnInfoView.do?mi=1099&promtnSn=180501&result=L,6240,서울동부,여,0.00919713181370424,0.9323311343610874,-0.03483351628900692,0.5251197897272918,7,28
[서울동부혈액원] 3.17(금) 뮤지컬 베토벤 추첨 증정 프로모션,https://www.bloodinfo.net/knrcbs/pr/promtn/promtnInfoView.do?mi=1099&promtnSn=180500&result=L,1281,서울동부,남,0.24805393938676076,0.2875161751385088,0.23567862319441996,1.561394268292993e-07,1,28
[서울동부혈액원] 3.17(금) 뮤지컬 베토벤 추첨 증정 프로모션,https://www.bloodinfo.net/knrcbs/pr/promtn/promtnInfoView.do?mi=1099&promtnSn=180500&result=L,1281,서울동부,여,0.3064659281590799,0.28526880343981187,-0.00872537130763003,0.8736020786699656,1,28
[서울동부혈액원] 3.15(수) 뮤지컬 베토벤 추첨 증정 프로모션,https://www.bloodinfo.net/knrcbs/pr/promtn/promtnInfoView.do?mi=1099&promtnSn=180460&result=L,3839,서울동부,남,0.32165059468580864,0.16832648354290225,0.21996115307472983,9.666408899026095e-07,1,28
[서울동부혈액원] 3.15(수) 뮤지컬 베토벤 추첨 증정 프로모션,https://www.bloodinfo.net/knrcbs/pr/promtn/promtnInfoView.do?mi=1099&promtnSn=180460&result=L,3839,서울동부,여,0.23446894307548047,0.41400628525025984,0.017889518005625424,0.7443925725120485,1,28
[서울동부혈액원] 추위 뚫고 따뜻한 헌혈 사랑 나누기,https://www.bloodinfo.net/knrcbs/pr/promtn/promtnInfoView.do?mi=1099&promtnSn=180200&result=L,9515,서울동부,남,0.0959281892812019,0.03290385375017932,0.1703288810909921,0.00016690004335194935,28,28
[서울동부혈액원] 추위 뚫고 따뜻한 헌혈 사랑 나누기,https://www.bloodinfo.net/knrcbs/pr/promtn/promtnInfoView.do?mi=1099&promtnSn=180200&result=L,9515,서울동부,여,0.06928524286756668,0.2087385961499829,0.07271854892394501,0.18865749324790315,28,28
서울동부혈액원 중장년 문화행사 (11월:롯데월드),https://www.bloodinfo.net/knrcbs/pr/promtn/promtnInfoView.do?mi=1099&promtnSn=164341&result=L,7020,서울동부,남,0.12581378281891906,0.003890482651816887,-0.006206309458206458,0.8901832072834697,30,28
서울동부혈액원 중장년 문화행사 (11월:롯데월드),https://www.bloodinfo.net/knrcbs/pr/promtn/promtnInfoView.do?mi=1099&promtnSn=164341&result=L,7020,서울동부,여,0.09906716699255397,0.06298450863796194,0.028109221290066613,0.6095004051975241,30,28
서울동부혈액원 중장년 문화행사 (10월:템플스테이),https://www.bloodinfo.net/knrcbs/pr/promtn/promtnInfoView.do?mi=1099&promtnSn=164339&result=L,4939,서울동부,남,-0.058228293321444205,0.1729764001032089,-0.02417693073100088,0.5894636746270908,31,28
서울동부혈액원 중장년 문화행사 (10월:템플스테이),https://www.bloodinfo.net/knrcbs/pr/promtn/promtnInfoView.do?mi=1099&promtnSn=164339&result=L,4939,서울동부,여,0.09339642636688184,0.0752155238034752,0.04915817540769073,0.3717092278732521,31,28
서울동부혈액원 중장년 문화행사 (9월:한강 디너크루즈),https://www.bloodinfo.net/knrcbs/pr/promtn/promtnInfoView.do?mi=1099&promtnSn=164337&result=L,12454,서울동부,남,-0.022471944114850942,0.6031019563366973,-0.1304238835666277,0.0035549014848649343,30,28
서울동부혈액원 중장년 문화행사 (9월:한강 디너크루즈),https://www.bloodinfo.net/knrcbs/pr/promtn/promtnInfoView.do?mi=1099&promtnSn=164337&result=L,12454,서울동부,여,0.26972560875810114,4.294844164492075e-07,0.14157933348478208,0.009816400231968222,30,28
서울동부혈액원 헌혈자의날 축제 “육일사 투게더” ,https://www.bloodinfo.net/knrcbs/pr/promtn/promtnInfoView.do?mi=1099&promtnSn=163257&result=L,42154,서울동부,남,0.07426398097105683,0.07439907156016284,0.017604448211117084,0.6958217881836177,33,28
서울동부혈액원 헌혈자의날 축제 “육일사 투게더” ,https://www.bloodinfo.net/knrcbs/pr/promtn/promtnInfoView.do?mi=1099&promtnSn=163257&result=L,42154,서울동부,여,0.15691309321622796,0.0020577210906237617,0.11283544913522488,0.040381941065683755,33,28
"새로운 시작은 헌혈과 함께, FILA와 함께!",https://www.bloodinfo.net/knrcbs/pr/promtn/promtnInfoView.do?mi=1099&promtnSn=162749&result=L,45819,서울동부,남,-0.06832426677678075,0.025515402479920724,-0.03177138796677246,0.4764219893768985,62,28
"새로운 시작은 헌혈과 함께, FILA와 함께!",https://www.bloodinfo.net/knrcbs/pr/promtn/promtnInfoView.do?mi=1099&promtnSn=162749&result=L,45819,서울동부,여,0.11231344553881305,0.0030178549960756286,0.09130597565727676,0.09816739531053288,62,28
1020 헌혈자를 위한 달콤한 크리스마스,https://www.bloodinfo.net/knrcbs/pr/promtn/promtnInfoView.do?mi=1099&promtnSn=162099&result=L,20304,서울동부,남,0.07084161083789833,0.09868736785685223,0.10586886142181774,0.018806215797159024,31,28
1020 헌혈자를 위한 달콤한 크리스마스,https://www.bloodinfo.net/knrcbs/pr/promtn/promtnInfoView.do?mi=1099&promtnSn=162099&result=L,20304,서울동부,여,-0.05801950385574024,0.265852707228216,-0.009361770338920305,0.8641389242808004,31,28
3060 헌혈자를 위한 환상의 서울데이트,https://www.bloodinfo.net/knrcbs/pr/promtn/promtnInfoView.do?mi=1099&promtnSn=161737&result=L,30165,서울동부,남,0.01761399037296751,0.695399371627131,0.002290778770797471,0.9594545019547221,28,28
3060 헌혈자를 위한 환상의 서울데이트,https://www.bloodinfo.net/knrcbs/pr/promtn/promtnInfoView.do?mi=1099&promtnSn=161737&result=L,30165,서울동부,여,-0.07911342737356937,0.14731505025191222,-0.062115258603603514,0.25592466296739586,28,28
세계헌혈자의 날 기념 '육일사 투게더',https://www.bloodinfo.net/knrcbs/pr/promtn/promtnInfoView.do?mi=1099&promtnSn=160699&result=L,51202,서울동부,남,0.04853371891836373,0.1552109465542251,-0.13438290774752187,0.002657538949182092,49,28
세계헌혈자의 날 기념 '육일사 투게더',https://www.bloodinfo.net/knrcbs/pr/promtn/promtnInfoView.do?mi=1099&promtnSn=160699&result=L,51202,서울동부,여,-0.06433866739445059,0.12356002218350914,-0.027156136477710834,0.6188361928536443,49,28
(서울중앙혈액원)목동센터 개소 N주년 프로모션,https://www.bloodinfo.net/knrcbs/pr/promtn/promtnInfoView.do?mi=1099&promtnSn=181402&result=L,1714,서울중앙,남,0.1985961868714461,0.13143962588879096,0.003931736473167504,0.9452925169269835,3,16
(서울중앙혈액원)목동센터 개소 N주년 프로모션,https://www.bloodinfo.net/knrcbs/pr/promtn/promtnInfoView.do?mi=1099&promtnSn=181402&result=L,1714,서울중앙,여,0.43032307767676226,0.0077859684241098365,0.47003242553992364,3.8591325645459625e-11,3,16
(서울중앙혈액원)대화역센터 개소 N주년 프로모션,https://www.bloodinfo.net/knrcbs/pr/promtn/promtnInfoView.do?mi=1099&promtnSn=181382&result=L,1387,서울중앙,남,-0.1348721924796637,0.30501504105560734,-0.018088389045784335,0.7058975726888076,3,23
(서울중앙혈액원)대화역센터 개소 N주년 프로모션,https://www.bloodinfo.net/knrcbs/pr/promtn/promtnInfoView.do?mi=1099&promtnSn=181382&result=L,1387,서울중앙,여,0.6141549472690891,0.0001616405907670595,0.31845882167040934,9.088444970771237e-08,3,23
[서울중앙혈액원] 구로디지털단지역센터 개소 N주년 프로모션,https://www.bloodinfo.net/knrcbs/pr/promtn/promtnInfoView.do?mi=1099&promtnSn=181360&result=L,2677,서울중앙,남,0.04592113083471626,0.7270780948881301,-0.02489089122490335,0.5818012576087239,3,26
[서울중앙혈액원] 구로디지털단지역센터 개소 N주년 프로모션,https://www.bloodinfo.net/knrcbs/pr/promtn/promtnInfoView.do?mi=1099&promtnSn=181360&result=L,2677,서울중앙,여,0.5819147460375002,0.00036443883890190993,0.2868586506507641,3.4388751058140014e-07,3,26
[서울중앙혈액원] 영화 밀수 시사회 응모 프로모션,https://www.bloodinfo.net/knrcbs/pr/promtn/promtnInfoView.do?mi=1099&promtnSn=181323&result=L,5432,서울중앙,남,0.10891657800529529,0.4975413253137976,-0.0813308644420885,0.061350335729435254,2,28
[서울중앙혈액원] 영화 밀수 시사회 응모 프로모션,https://www.bloodinfo.net/knrcbs/pr/promtn/promtnInfoView.do?mi=1099&promtnSn=181323&result=L,5432,서울중앙,여,0.15693425158050697,0.4330962868325372,0.2769193111808458,3.8008608873011885e-07,2,28
[서울중앙혈액원] 중앙센터 개소 N주년 프로모션,https://www.bloodinfo.net/knrcbs/pr/promtn/promtnInfoView.do?mi=1099&promtnSn=181322&result=L,4530,서울중앙,남,-0.02700779901170229,0.836870858807989,-0.06930249854764196,0.11103309616418817,3,28
[서울중앙혈액원] 중앙센터 개소 N주년 프로모션,https://www.bloodinfo.net/knrcbs/pr/promtn/promtnInfoView.do?mi=1099&promtnSn=181322&result=L,4530,서울중앙,여,0.155323856572295,0.3416142225006593,0.29054386894996154,9.853266210243996e-08,3,28
"[서울중앙혈액원] 서울대역,우장산역센터 개소 N주년 프로모션",https://www.bloodinfo.net/knrcbs/pr/promtn/promtnInfoView.do?mi=1099&promtnSn=181280&result=L,1111,서울중앙,남,-0.04406680707700319,0.7367799715572529,-0.07502788695895538,0.08436063044511966,3,28
"[서울중앙혈액원] 서울대역,우장산역센터 개소 N주년 프로모션",https://www.bloodinfo.net/knrcbs/pr/promtn/promtnInfoView.do?mi=1099&promtnSn=181280&result=L,1111,서울중앙,여,0.1088545460807848,0.5073704097286095,0.1951941757210378,0.000348851217173692,3,28
(서울중앙혈액원)헌혈자와 함께 하는 행복한 헌혈자의날 프로모션,https://www.bloodinfo.net/knrcbs/pr/promtn/promtnInfoView.do?mi=1099&promtnSn=181120&result=L,18865,서울중앙,남,0.19730352288840938,0.014522531518348909,-0.005146499940393218,0.9059371036641307,8,28
(서울중앙혈액원)헌혈자와 함께 하는 행복한 헌혈자의날 프로모션,https://www.bloodinfo.net/knrcbs/pr/promtn/promtnInfoView.do?mi=1099&promtnSn=181120&result=L,18865,서울중앙,여,0.11019789433676577,0.27452066677363296,0.023576087863845883,0.6652069614664664,8,28
[서울중앙혈액원] 6.14. 헌혈자의날 기념 영화 '귀공자' 시사회 초대 프로모션,https://www.bloodinfo.net/knrcbs/pr/promtn/promtnInfoView.do?mi=1099&promtnSn=181020&result=L,8240,서울중앙,남,0.019601969886054185,0.8084112414941634,0.08415543966032811,0.05408540029028277,8,28
[서울중앙혈액원] 6.14. 헌혈자의날 기념 영화 '귀공자' 시사회 초대 프로모션,https://www.bloodinfo.net/knrcbs/pr/promtn/promtnInfoView.do?mi=1099&promtnSn=181020&result=L,8240,서울중앙,여,-0.1674870131854116,0.09622535848530657,0.10824173936030651,0.04654443384259304,8,28
(서울중앙)영화 리바운드 시사회 초대,https://www.bloodinfo.net/knrcbs/pr/promtn/promtnInfoView.do?mi=1099&promtnSn=180540&result=L,2565,서울중앙,남,-0.025486715426775736,0.8740532363356894,-0.057178046378887945,0.1888663761092977,2,28
(서울중앙)영화 리바운드 시사회 초대,https://www.bloodinfo.net/knrcbs/pr/promtn/promtnInfoView.do?mi=1099&promtnSn=180540&result=L,2565,서울중앙,여,-0.24021717641951373,0.22951035706588213,-0.10375907204596659,0.05518025530314376,2,28
"(서울중앙)헌혈하고 점심 먹자, Let's B-Lunch 프로모션",https://www.bloodinfo.net/knrcbs/pr/promtn/promtnInfoView.do?mi=1099&promtnSn=180522&result=L,9953,서울중앙,남,-0.10418208198785289,0.020707909352720242,0.006497333144195253,0.8808639092037001,26,28
"(서울중앙)헌혈하고 점심 먹자, Let's B-Lunch 프로모션",https://www.bloodinfo.net/knrcbs/pr/promtn/promtnInfoView.do?mi=1099&promtnSn=180522&result=L,9953,서울중앙,여,-0.008197452996535059,0.8843559830477735,-0.035378094175050875,0.5149725502538618,26,28
[서울중앙혈액원]새학기를 맞아 충전해 DREAM 프로모션,https://www.bloodinfo.net/knrcbs/pr/promtn/promtnInfoView.do?mi=1099&promtnSn=180320&result=L,11142,서울중앙,남,0.06704630088341319,0.1068863972586896,-0.003498772134294615,0.9361394415403916,31,28
[서울중앙혈액원]새학기를 맞아 충전해 DREAM 프로모션,https://www.bloodinfo.net/knrcbs/pr/promtn/promtnInfoView.do?mi=1099&promtnSn=180320&result=L,11142,서울중앙,여,-0.11889720954236428,0.02097222117449833,-0.0233801733473992,0.6653258323040321,31,28
2023년 설맞이 프로모션 꽃길만 걷끼,https://www.bloodinfo.net/knrcbs/pr/promtn/promtnInfoView.do?mi=1099&promtnSn=180080&result=L,6790,서울중앙,남,0.14229439288632786,0.08551237404249376,0.035176994771744595,0.420007472632688,8,28
2023년 설맞이 프로모션 꽃길만 걷끼,https://www.bloodinfo.net/knrcbs/pr/promtn/promtnInfoView.do?mi=1099&promtnSn=180080&result=L,6790,서울중앙,여,0.03530268818312444,0.730612378643849,-0.12039876961213856,0.02619509525531791,8,28
어른이들 선물은 레드크로스가 쏜다!,https://www.bloodinfo.net/knrcbs/pr/promtn/promtnInfoView.do?mi=1099&promtnSn=165299&result=L,18369,서울중앙,남,0.24687711617343364,5.042965491476266e-05,0.19067784289662626,1.1457542647873189e-05,14,28
어른이들 선물은 레드크로스가 쏜다!,https://www.bloodinfo.net/knrcbs/pr/promtn/promtnInfoView.do?mi=1099&promtnSn=165299&result=L,18369,서울중앙,여,0.043716694087932675,0.5638934483808842,-0.14798095382386822,0.00625065295823841,14,28
3060 헌혈프로모션 (2차),https://www.bloodinfo.net/knrcbs/pr/promtn/promtnInfoView.do?mi=1099&promtnSn=164617&result=L,18381,서울중앙,남,-0.002598947854660941,0.959726243270212,0.019884912313666354,0.6485388658542582,20,28
3060 헌혈프로모션 (2차),https://www.bloodinfo.net/knrcbs/pr/promtn/promtnInfoView.do?mi=1099&promtnSn=164617&result=L,18381,서울중앙,여,0.006397079201981838,0.9205803180488906,0.18332115476096741,0.000777687022936514,20,28
3060 헌혈프로모션,https://www.bloodinfo.net/knrcbs/pr/promtn/promtnInfoView.do?mi=1099&promtnSn=164425&result=L,15901,서울중앙,남,-0.07749042821713513,0.12167820871606291,0.05285376561083766,0.22896256591665842,21,28
3060 헌혈프로모션,https://www.bloodinfo.net/knrcbs/pr/promtn/promtnInfoView.do?mi=1099&promtnSn=164425&result=L,15901,서울중앙,여,0.010030906768438711,0.8721038174887158,0.24669440750830926,7.245112350733004e-06,21,28
꽃중년 꽃보다 헌혈,https://www.bloodinfo.net/knrcbs/pr/promtn/promtnInfoView.do?mi=1099&promtnSn=164097&result=L,7352,서울중앙,남,-0.19903177695558472,1.1962284374362461e-06,0.006665369798770004,0.8764828633099231,31,28
꽃중년 꽃보다 헌혈,https://www.bloodinfo.net/knrcbs/pr/promtn/promtnInfoView.do?mi=1099&promtnSn=164097&result=L,7352,서울중앙,여,0.04522856397140216,0.3813303670574181,0.24862887294532945,5.4707540924167945e-06,31,28
2022년 헌혈자의 날(6.14) “함께해요!”,https://www.bloodinfo.net/knrcbs/pr/promtn/promtnInfoView.do?mi=1099&promtnSn=163419&result=L,28572,서울중앙,남,-0.05145931986736466,0.21447082873322057,-0.0008357947506157808,0.9846797930351313,31,28
2022년 헌혈자의 날(6.14) “함께해요!”,https://www.bloodinfo.net/knrcbs/pr/promtn/promtnInfoView.do?mi=1099&promtnSn=163419&result=L,28572,서울중앙,여,0.04197929036839437,0.41903942347932666,0.038244526722939834,0.48337305493557803,31,28
헌혈하고 집에서 즐기는 '낭만 홈캠핑',https://www.bloodinfo.net/knrcbs/pr/promtn/promtnInfoView.do?mi=1099&promtnSn=162377&result=L,39260,서울중앙,남,0.029626254323315893,0.4696512672864406,0.07177309860612005,0.1008243641119513,32,28
헌혈하고 집에서 즐기는 '낭만 홈캠핑',https://www.bloodinfo.net/knrcbs/pr/promtn/promtnInfoView.do?mi=1099&promtnSn=162377&result=L,39260,서울중앙,여,-0.0513650970406063,0.30932272433462144,-0.1409114433007837,0.009052927876360785,32,28
2021년 중장년 헌혈자를 위한 서울중앙혈액원 헌혈문화이벤트,https://www.bloodinfo.net/knrcbs/pr/promtn/promtnInfoView.do?mi=1099&promtnSn=162097&result=L,12000,서울중앙,남,0.1136066591659712,0.041600098750755585,0.07366842465281805,0.0917614399161205,17,28
2021년 중장년 헌혈자를 위한 서울중앙혈액원 헌혈문화이벤트,https://www.bloodinfo.net/knrcbs/pr/promtn/promtnInfoView.do?mi=1099&promtnSn=162097&result=L,12000,서울중앙,여,0.05762513179929806,0.4065336743350064,-0.031135503863072653,0.5671891702379022,17,28
2021 추석맞이 마음전달 ‘헌혈을 부탁해’,https://www.bloodinfo.net/knrcbs/pr/promtn/promtnInfoView.do?mi=1099&promtnSn=161381&result=L,10030,서울중앙,남,-0.019217969520374942,0.753308619021889,-0.01731978261694294,0.6921546712111444,14,28
2021 추석맞이 마음전달 ‘헌혈을 부탁해’,https://www.bloodinfo.net/knrcbs/pr/promtn/promtnInfoView.do?mi=1099&promtnSn=161381&result=L,10030,서울중앙,여,-0.13539718710259352,0.07427875919995514,-0.08713359620562537,0.1082818509248934,14,28
HOT한 여름 COOL한 헌혈,https://www.bloodinfo.net/knrcbs/pr/promtn/promtnInfoView.do?mi=1099&promtnSn=161097&result=L,16704,서울중앙,남,-0.16317043282083774,0.00029390550211140195,-0.18650349566107643,1.2600933508946448e-05,25,28
HOT한 여름 COOL한 헌혈,https://www.bloodinfo.net/knrcbs/pr/promtn/promtnInfoView.do?mi=1099&promtnSn=161097&result=L,16704,서울중앙,여,-0.05921818901649407,0.29859686303520677,-0.14378010453067777,0.007742155925224773,25,28
[인천혈액원] 헌혈의집 시흥센터 개소 3개월 프로모션,https://www.bloodinfo.net/knrcbs/pr/promtn/promtnInfoView.do?mi=1099&promtnSn=181081&result=L,1495,인천,남,-0.050808970311223084,0.48963099637730734,0.023762474126306506,0.5717218074772858,9,28
[인천혈액원] 헌혈의집 시흥센터 개소 3개월 프로모션,https://www.bloodinfo.net/knrcbs/pr/promtn/promtnInfoView.do?mi=1099&promtnSn=181081&result=L,1495,인천,여,0.017620889449705104,0.847694974098155,0.0035853175702205203,0.9454736281097909,9,28
[인천혈액원] 2023년 헌혈자의 날 기념 감사 프로모션,https://www.bloodinfo.net/knrcbs/pr/promtn/promtnInfoView.do?mi=1099&promtnSn=181040&result=L,13331,인천,남,0.09412272517094565,0.25507860426583034,-0.08168997336385808,0.051047070520918766,7,28
[인천혈액원] 2023년 헌혈자의 날 기념 감사 프로모션,https://www.bloodinfo.net/knrcbs/pr/promtn/promtnInfoView.do?mi=1099&promtnSn=181040&result=L,13331,인천,여,0.07603745970947921,0.46247643582616815,-0.03848346587084356,0.4623106837048284,7,28
[인천혈액원] 성년의날 기념 프로모션,https://www.bloodinfo.net/knrcbs/pr/promtn/promtnInfoView.do?mi=1099&promtnSn=180861&result=L,1495,인천,남,-0.013000232411712616,0.9528380970207979,0.04370304158513018,0.2994084959012822,1,28
[인천혈액원] 성년의날 기념 프로모션,https://www.bloodinfo.net/knrcbs/pr/promtn/promtnInfoView.do?mi=1099&promtnSn=180861&result=L,1495,인천,여,0.47443635861528466,0.08324252050597061,-0.011423426073345618,0.8274950419751951,1,28
[인천혈액원] 10대 헌혈 응원 프로모션,https://www.bloodinfo.net/knrcbs/pr/promtn/promtnInfoView.do?mi=1099&promtnSn=180160&result=L,2713,인천,남,0.058413013092725716,0.20739785887411294,0.025674396803098295,0.5426662603153427,23,28
[인천혈액원] 10대 헌혈 응원 프로모션,https://www.bloodinfo.net/knrcbs/pr/promtn/promtnInfoView.do?mi=1099&promtnSn=180160&result=L,2713,인천,여,0.039399362814382284,0.4947925803712566,-0.021836339427356362,0.6777132864763977,23,28
인천혈액원 중장년층 문화행사,https://www.bloodinfo.net/knrcbs/pr/promtn/promtnInfoView.do?mi=1099&promtnSn=164979&result=L,8927,인천,남,0.07897833581186821,0.060418442827595564,-0.044493116674383826,0.28902003098934287,28,28
인천혈액원 중장년층 문화행사,https://www.bloodinfo.net/knrcbs/pr/promtn/promtnInfoView.do?mi=1099&promtnSn=164979&result=L,8927,인천,여,-0.039800043600932145,0.44822207406312387,0.08465103725695174,0.10635292635823462,28,28
