id,location,title,url,period_start,period_end,institution,wrote_date,hits
1,지역,[제주] 자매국수와 함께하는 사랑의 생명나눔 헌혈캠페인,https://www.bloodinfo.net/knrcbs/pr/promtn/promtnInfoView.do?mi=1099&promtnSn=182600&result=L,2024.02.20,2024.02.23,제주,2024.02.20,433
2,지역,(서울중앙)설맞이 헌혈자 감사 이벤트,https://www.bloodinfo.net/knrcbs/pr/promtn/promtnInfoView.do?mi=1099&promtnSn=182541&result=L,2024.02.07,2024.02.09,서울중앙,2024.02.06,5624
3,지역,[경남혈액원] 설연휴 치아미백교환권 증정 프로모션,https://www.bloodinfo.net/knrcbs/pr/promtn/promtnInfoView.do?mi=1099&promtnSn=182502&result=L,2024.02.08,2024.02.12,경남,2024.02.02,655
4,지역,[서울남부]헌혈하고 세븐틴 포토카드 받자!,https://www.bloodinfo.net/knrcbs/pr/promtn/promtnInfoView.do?mi=1099&promtnSn=182379&result=L,2024.01.12,2024.01.31,서울남부,2024.01.15,7461
5,지역,[서울남부]판교센터 개소이벤트 ,https://www.bloodinfo.net/knrcbs/pr/promtn/promtnInfoView.do?mi=1099&promtnSn=182344&result=L,2024.01.11,2024.01.13,서울남부,2024.01.11,1178
6,지역,[서울남부]2024 스탬프 콕콕 프로모션,https://www.bloodinfo.net/knrcbs/pr/promtn/promtnInfoView.do?mi=1099&promtnSn=182343&result=L,2024.01.01,2024.01.31,서울남부,2024.01.11,7687
7,전국,2024 신년행복기원 설맞이 헌혈 프로모션,https://www.bloodinfo.net/knrcbs/pr/promtn/promtnInfoView.do?mi=1099&promtnSn=182342&result=L,2024.01.11,2024.02.18,혈액관리본부,2024.01.10,144714
8,지역,［광주전남혈액원］헌혈자와 함께하는 사랑의 제빵 봉사활동,https://www.bloodinfo.net/knrcbs/pr/promtn/promtnInfoView.do?mi=1099&promtnSn=182341&result=L,2024.01.10,2024.02.02,광주전남,2024.01.09,2610
9,ABO Friends,ABO Friends 대상 1월 라섹 수술이벤트,https://www.bloodinfo.net/knrcbs/pr/promtn/promtnInfoView.do?mi=1099&promtnSn=182320&result=L,2024.01.10,2024.01.31,혈액관리본부,2024.01.05,9092
10,지역,[인천혈액원] 새해 맞이 핫팩 증정 프로모션,https://www.bloodinfo.net/knrcbs/pr/promtn/promtnInfoView.do?mi=1099&promtnSn=182318&result=L,2024.01.01,2024.01.31,인천,2023.12.29,5985
11,지역,[인천혈액원] 1월 전혈/혈소판 프로모션 안내,https://www.bloodinfo.net/knrcbs/pr/promtn/promtnInfoView.do?mi=1099&promtnSn=182316&result=L,2024.01.01,2024.01.31,인천,2023.12.29,7344
12,지역,[강원] 헌혈은 사랑입니닭!,https://www.bloodinfo.net/knrcbs/pr/promtn/promtnInfoView.do?mi=1099&promtnSn=182280&result=L,2023.12.26,2024.01.05,강원,2023.12.22,6005
13,지역,[인천혈액원] 부평센터 크리스마스 프로모션,https://www.bloodinfo.net/knrcbs/pr/promtn/promtnInfoView.do?mi=1099&promtnSn=182279&result=L,2023.12.25,2023.12.25,인천,2023.12.20,4383
14,지역,[경남혈액원] 전혈 헌혈 기념품 추가 증정 프로모션,https://www.bloodinfo.net/knrcbs/pr/promtn/promtnInfoView.do?mi=1099&promtnSn=182260&result=L,2023.12.26,2023.12.28,경남,2023.12.21,1219
15,지역,[경남혈액원] 전혈 헌혈 기념품 추가 증정 프로모션,https://www.bloodinfo.net/knrcbs/pr/promtn/promtnInfoView.do?mi=1099&promtnSn=182259&result=L,2023.12.22,2023.12.24,경남,2023.12.20,1179
16,지역,[충북혈액원] 전혈 및 혈소판 헌혈자 산리오 담요 추가 증정 프로모션,https://www.bloodinfo.net/knrcbs/pr/promtn/promtnInfoView.do?mi=1099&promtnSn=182239&result=L,2023.12.18,2023.12.31,충북,2023.12.18,2652
17,지역,헌혈의집 동탄2센터 프로모션,https://www.bloodinfo.net/knrcbs/pr/promtn/promtnInfoView.do?mi=1099&promtnSn=182220&result=L,2023.12.13,2023.12.31,경기,2023.12.13,3198
18,전국,연말연시 헌혈자 감사 프로모션,https://www.bloodinfo.net/knrcbs/pr/promtn/promtnInfoView.do?mi=1099&promtnSn=182219&result=L,2023.12.13,2024.01.10,혈액관리본부,2023.12.13,144201
19,지역,[광주·전남] 10대·20대 모여라! 헌혈로 시작하는 따뜻한 겨울 프로모션,https://www.bloodinfo.net/knrcbs/pr/promtn/promtnInfoView.do?mi=1099&promtnSn=182200&result=L,2023.12.15,2024.02.14,광주전남,2023.12.08,8250
20,ABO Friends,ABO Friends 대상 12월 라섹 수술이벤트,https://www.bloodinfo.net/knrcbs/pr/promtn/promtnInfoView.do?mi=1099&promtnSn=182180&result=L,2023.12.08,2023.12.31,혈액관리본부,2023.12.06,9202
21,ABO Friends,"[부산,경남,울산 우정여행] 행운을 선물하는 해변열차 여행",https://www.bloodinfo.net/knrcbs/pr/promtn/promtnInfoView.do?mi=1099&promtnSn=182179&result=L,2023.12.06,2023.12.17,"부산,경남,울산",2023.12.04,7255
22,지역,[경남혈액원] 전혈 헌혈 기념품 추가 증정 프로모션,https://www.bloodinfo.net/knrcbs/pr/promtn/promtnInfoView.do?mi=1099&promtnSn=182164&result=L,2023.12.20,2023.12.21,경남,2023.12.19,2726
23,지역,[대전세종충남] 적십자 레드커넥트 데이(with 대전삼성화재블루팡스배구단),https://www.bloodinfo.net/knrcbs/pr/promtn/promtnInfoView.do?mi=1099&promtnSn=182163&result=L,2023.12.18,2023.12.22,대전세종충남,2023.12.18,2916
24,지역,[경남혈액원] 거제시민 영화관람 프로모션-2차,https://www.bloodinfo.net/knrcbs/pr/promtn/promtnInfoView.do?mi=1099&promtnSn=182162&result=L,2023.12.11,2023.12.17,경남,2023.12.11,2093
25,전국,헌혈룩 3차 챌린지 프로모션,https://www.bloodinfo.net/knrcbs/pr/promtn/promtnInfoView.do?mi=1099&promtnSn=182161&result=L,2023.12.06,2023.12.12,혈액관리본부,2023.12.06,12134
26,지역,[경남혈액원] 전혈 헌혈 기념품 추가 증정 프로모션,https://www.bloodinfo.net/knrcbs/pr/promtn/promtnInfoView.do?mi=1099&promtnSn=182160&result=L,2023.12.06,2023.12.07,경남,2023.12.04,2326
27,지역,[경남혈액원] 전혈 헌혈 기념품 추가 증정 프로모션,https://www.bloodinfo.net/knrcbs/pr/promtn/promtnInfoView.do?mi=1099&promtnSn=182159&result=L,2023.12.02,2023.12.05,경남,2023.12.04,961
28,지역,(서울중앙혈액원)레드커넥트 예약 핫팩 증정,https://www.bloodinfo.net/knrcbs/pr/promtn/promtnInfoView.do?mi=1099&promtnSn=182139&result=L,2023.12.01,2023.12.24,서울중앙,2023.12.02,6259
29,지역,[인천혈액원] 크리스마스 프로모션,https://www.bloodinfo.net/knrcbs/pr/promtn/promtnInfoView.do?mi=1099&promtnSn=182126&result=L,2023.12.01,2023.12.25,인천,2023.11.30,16266
30,지역,[인천혈액원] 12월 전혈/혈소판 프로모션 안내,https://www.bloodinfo.net/knrcbs/pr/promtn/promtnInfoView.do?mi=1099&promtnSn=182125&result=L,2023.12.01,2023.12.31,인천,2023.11.30,17127
31,지역,전북대한옥센터 개소기념 프로모션,https://www.bloodinfo.net/knrcbs/pr/promtn/promtnInfoView.do?mi=1099&promtnSn=182124&result=L,2023.11.29,2023.12.15,전북,2023.11.29,1646
32,지역,[충북혈액원] 충주센터 동반헌혈 프로모션,https://www.bloodinfo.net/knrcbs/pr/promtn/promtnInfoView.do?mi=1099&promtnSn=182123&result=L,2023.12.01,2023.12.26,충북,2023.11.29,1490
33,지역,[충북혈액원] 성안길센터 동반헌혈 프로모션,https://www.bloodinfo.net/knrcbs/pr/promtn/promtnInfoView.do?mi=1099&promtnSn=182122&result=L,2023.12.01,2023.12.31,충북,2023.11.29,2227
34,지역,[서울중앙] 3060 중장년층을 위한 헌혈 프로모션,https://www.bloodinfo.net/knrcbs/pr/promtn/promtnInfoView.do?mi=1099&promtnSn=182121&result=L,2023.12.01,2023.12.24,서울중앙,2023.11.29,12116
35,지역,[인천혈액원] 헌혈의집 시흥센터 헌혈자 눈 건강 프로모션,https://www.bloodinfo.net/knrcbs/pr/promtn/promtnInfoView.do?mi=1099&promtnSn=182079&result=L,2023.11.24,2023.12.06,인천,2023.11.23,2321
36,지역,(서울중앙혈액원)대방역센터 개소 N주년 프로모션,https://www.bloodinfo.net/knrcbs/pr/promtn/promtnInfoView.do?mi=1099&promtnSn=182060&result=L,2023.11.21,2023.11.23,서울중앙,2023.11.21,1013
37,전국,2023년 다회헌혈자 감사 문화행사 참여 공모,https://www.bloodinfo.net/knrcbs/pr/promtn/promtnInfoView.do?mi=1099&promtnSn=182058&result=L,2023.11.18,2023.12.03,혈액관리본부,2023.11.17,47257
38,지역,[대구경북혈액원] 11월 2차 기념품 추가 증정 프로모션,https://www.bloodinfo.net/knrcbs/pr/promtn/promtnInfoView.do?mi=1099&promtnSn=182054&result=L,2023.11.17,2023.11.26,대구경북,2023.11.17,3137
39,지역,[대구경북혈액원] 수능 수험생 프로모션,https://www.bloodinfo.net/knrcbs/pr/promtn/promtnInfoView.do?mi=1099&promtnSn=182053&result=L,2023.11.17,2023.11.30,대구경북,2023.11.17,1578
40,지역,[강원] 혈소판 헌혈하고 환경 보호에 동참하기,https://www.bloodinfo.net/knrcbs/pr/promtn/promtnInfoView.do?mi=1099&promtnSn=182052&result=L,2023.11.20,2023.11.30,강원,2023.11.17,1319
41,지역,[강원] 고3 여러분 수고했3 프로모션,https://www.bloodinfo.net/knrcbs/pr/promtn/promtnInfoView.do?mi=1099&promtnSn=182051&result=L,2023.11.17,2023.11.30,강원,2023.11.17,618
42,지역,［광주전남혈액원］고3 & 수험생 파이팅! 프로모션,https://www.bloodinfo.net/knrcbs/pr/promtn/promtnInfoView.do?mi=1099&promtnSn=182050&result=L,2023.11.16,2023.12.10,광주전남,2023.11.16,1211
43,지역,[서울남부혈액원]수험생 이벤트,https://www.bloodinfo.net/knrcbs/pr/promtn/promtnInfoView.do?mi=1099&promtnSn=182049&result=L,2023.11.16,2023.11.30,서울남부,2023.11.15,1582
44,지역,(서울중앙혈액원)고교생 헌혈 프로모션,https://www.bloodinfo.net/knrcbs/pr/promtn/promtnInfoView.do?mi=1099&promtnSn=182047&result=L,2023.11.15,2023.11.21,서울중앙,2023.11.14,1351
45,지역,[충북혈액원] 수험생 대상 이벤트,https://www.bloodinfo.net/knrcbs/pr/promtn/promtnInfoView.do?mi=1099&promtnSn=182046&result=L,2023.11.16,2023.11.30,충북,2023.11.14,583
46,지역,[인천혈액원] 인천혈액원 2024년 수능 헌혈 프로모션 안내,https://www.bloodinfo.net/knrcbs/pr/promtn/promtnInfoView.do?mi=1099&promtnSn=182044&result=L,2023.11.17,2023.11.30,인천,2023.11.13,1386
47,지역,[인천혈액원] 레드커넥트 예약헌혈자 핫팩 증정 프로모션,https://www.bloodinfo.net/knrcbs/pr/promtn/promtnInfoView.do?mi=1099&promtnSn=182043&result=L,2023.11.06,2023.12.31,인천,2023.11.13,4596
48,지역,[경남혈액원] 수험생 대상 프로모션,https://www.bloodinfo.net/knrcbs/pr/promtn/promtnInfoView.do?mi=1099&promtnSn=182026&result=L,2023.11.17,2023.12.16,경남,2023.11.16,1128
49,지역,[경남혈액원] 거제시민 영화관람 프로모션,https://www.bloodinfo.net/knrcbs/pr/promtn/promtnInfoView.do?mi=1099&promtnSn=182025&result=L,2023.11.20,2023.12.10,경남,2023.11.16,1151
50,지역,[대전세종충남] 달콤한 레드커넥트 예약 헌헐 ★시즌3★,https://www.bloodinfo.net/knrcbs/pr/promtn/promtnInfoView.do?mi=1099&promtnSn=182024&result=L,2023.11.20,2023.12.31,대전세종충남,2023.11.15,6570
51,지역,[대전세종충남혈액원] 수능 끝! 헌혈 시작! 고생했3 프로모션,https://www.bloodinfo.net/knrcbs/pr/promtn/promtnInfoView.do?mi=1099&promtnSn=182023&result=L,2023.11.13,2023.11.30,대전세종충남,2023.11.09,1614
52,지역,"군산,익산지역 30대 이상  헌혈자와 함께하는    우리들의 작은 영화제",https://www.bloodinfo.net/knrcbs/pr/promtn/promtnInfoView.do?mi=1099&promtnSn=182012&result=L,2023.11.10,2023.11.20,전북,2023.11.10,3025
53,지역,[서울남부혈액원] 먹태깡 프로모션 ,https://www.bloodinfo.net/knrcbs/pr/promtn/promtnInfoView.do?mi=1099&promtnSn=182011&result=L,2023.11.10,2023.11.11,서울남부,2023.11.09,1319
54,지역,[인천혈액원] 헌혈의집 구월센터 빼빼로데이 기념 프로모션 안내,https://www.bloodinfo.net/knrcbs/pr/promtn/promtnInfoView.do?mi=1099&promtnSn=182010&result=L,2023.11.11,2023.11.11,인천,2023.11.09,1450
55,지역,[서울중앙] 영화 괴물 시사회 응모 이벤트,https://www.bloodinfo.net/knrcbs/pr/promtn/promtnInfoView.do?mi=1099&promtnSn=182009&result=L,2023.11.13,2023.11.15,서울중앙,2023.11.09,2398
56,ABO Friends,ABO Friends 대상 11월 라섹 수술이벤트,https://www.bloodinfo.net/knrcbs/pr/promtn/promtnInfoView.do?mi=1099&promtnSn=182007&result=L,2023.11.08,2023.11.30,혈액관리본부,2023.11.08,8067
57,지역,[경기혈액원] 중장년층 영화관람 헌혈문화이벤트,https://www.bloodinfo.net/knrcbs/pr/promtn/promtnInfoView.do?mi=1099&promtnSn=182005&result=L,2023.11.06,2023.11.26,경기,2023.11.06,5662
58,지역,[대구경북혈액원] 11월 기념품 추가 증정 프로모션,https://www.bloodinfo.net/knrcbs/pr/promtn/promtnInfoView.do?mi=1099&promtnSn=182003&result=L,2023.11.06,2023.11.12,대구경북,2023.11.06,1915
59,지역,［광주전남혈액원］헌혈의집 목포센터 이전 개소 프로모션,https://www.bloodinfo.net/knrcbs/pr/promtn/promtnInfoView.do?mi=1099&promtnSn=181988&result=L,2023.11.03,2023.12.03,광주전남,2023.11.02,2429
60,지역,[전북혈액원] 헌혈의집 군산센터와  떼구르탕후르가 함께하는 10% 현장 할인 이벤트,https://www.bloodinfo.net/knrcbs/pr/promtn/promtnInfoView.do?mi=1099&promtnSn=181987&result=L,2023.10.20,2023.11.30,전북,2023.11.01,2416
61,지역,[인천혈액원] 부평/구월  헌혈의집 가을 버스킹,https://www.bloodinfo.net/knrcbs/pr/promtn/promtnInfoView.do?mi=1099&promtnSn=181986&result=L,2023.11.03,2023.11.05,인천,2023.10.31,1445
62,지역,[인천혈액원] 11월 전혈/혈소판 프로모션 안내,https://www.bloodinfo.net/knrcbs/pr/promtn/promtnInfoView.do?mi=1099&promtnSn=181985&result=L,2023.11.11,2023.11.30,인천,2023.10.31,7501
63,지역,[충북] 헌혈하고 에일리 콘서트 가자,https://www.bloodinfo.net/knrcbs/pr/promtn/promtnInfoView.do?mi=1099&promtnSn=181984&result=L,2023.11.01,2023.11.30,충북,2023.10.30,5068
64,전국,농업인의 날 헌혈 프로모션,https://www.bloodinfo.net/knrcbs/pr/promtn/promtnInfoView.do?mi=1099&promtnSn=181983&result=L,2023.11.01,2023.11.30,혈액관리본부,2023.10.30,68118
65,전국,헌혈룩 2차 챌린지 프로모션,https://www.bloodinfo.net/knrcbs/pr/promtn/promtnInfoView.do?mi=1099&promtnSn=181964&result=L,2023.11.01,2023.11.30,혈액관리본부,2023.10.30,30435
66,지역,[경남혈액원]크리스마스 케이크 추첨 프로모션,https://www.bloodinfo.net/knrcbs/pr/promtn/promtnInfoView.do?mi=1099&promtnSn=181963&result=L,2023.11.01,2023.12.03,경남,2023.10.26,4567
67,지역,(전북혈액원) 우리 함께해요 헌혈!,https://www.bloodinfo.net/knrcbs/pr/promtn/promtnInfoView.do?mi=1099&promtnSn=181946&result=L,2023.10.26,2023.10.31,전북,2023.10.27,2082
68,지역,[인천혈액원] 계양구 지원 헌혈권장프로모션 안내,https://www.bloodinfo.net/knrcbs/pr/promtn/promtnInfoView.do?mi=1099&promtnSn=181945&result=L,2023.10.21,2023.11.30,인천,2023.10.26,1776
69,지역,(서울중앙혈액원)연신내센터 개소 N주년 프로모션,https://www.bloodinfo.net/knrcbs/pr/promtn/promtnInfoView.do?mi=1099&promtnSn=181944&result=L,2023.10.27,2023.10.29,서울중앙,2023.10.25,1518
70,지역,(서울중앙혈액원)홍대센터 개소 N주년 프로모션 ,https://www.bloodinfo.net/knrcbs/pr/promtn/promtnInfoView.do?mi=1099&promtnSn=181943&result=L,2023.10.26,2023.10.28,서울중앙,2023.10.25,1400
71,지역,[전북혈액원] 전북도민 헌혈릴레이 헌혈자 프로모션 변경 계획,https://www.bloodinfo.net/knrcbs/pr/promtn/promtnInfoView.do?mi=1099&promtnSn=181930&result=L,2023.10.20,2023.10.25,전북,2023.10.19,6751
72,ABO Friends,"[부산,경남,울산 우정여행] 국가대표 팀킴 토크콘서트",https://www.bloodinfo.net/knrcbs/pr/promtn/promtnInfoView.do?mi=1099&promtnSn=181927&result=L,2023.10.17,2023.11.05,"부산,경남,울산",2023.10.17,13199
73,ABO Friends,"[대구,경북 우정여행] 경주 도자기 체험",https://www.bloodinfo.net/knrcbs/pr/promtn/promtnInfoView.do?mi=1099&promtnSn=181925&result=L,2023.10.17,2023.11.12,대구경북,2023.10.17,12189
74,지역,[서울남부혈액원]노량진역센터 이전개소 프로모션 ,https://www.bloodinfo.net/knrcbs/pr/promtn/promtnInfoView.do?mi=1099&promtnSn=181924&result=L,2023.10.17,2023.11.16,서울남부,2023.10.16,10642
75,전국,인천경찰청과 함께하는 범죄예방 웹툰 퀴즈 이벤트,https://www.bloodinfo.net/knrcbs/pr/promtn/promtnInfoView.do?mi=1099&promtnSn=181923&result=L,2023.10.23,2023.11.19,혈액관리본부,2023.10.16,24482
76,지역,[대전세종충남혈액원] 10월 기념품 추가 증정 프로모션!,https://www.bloodinfo.net/knrcbs/pr/promtn/promtnInfoView.do?mi=1099&promtnSn=181903&result=L,2023.10.13,2023.10.31,대전세종충남,2023.10.13,9616
77,지역,전북혈액원 주말 프로모션 안내,https://www.bloodinfo.net/knrcbs/pr/promtn/promtnInfoView.do?mi=1099&promtnSn=181886&result=L,2023.10.13,2023.10.15,전북,2023.10.13,861
78,지역,(서울중앙혈액원)영등포센터 개소 N주년 프로모션 ,https://www.bloodinfo.net/knrcbs/pr/promtn/promtnInfoView.do?mi=1099&promtnSn=181885&result=L,2023.10.12,2023.10.14,서울중앙,2023.10.11,1792
79,ABO Friends,ABO Friends 대상 10월 라섹 수술이벤트,https://www.bloodinfo.net/knrcbs/pr/promtn/promtnInfoView.do?mi=1099&promtnSn=181884&result=L,2023.10.11,2023.10.31,혈액관리본부,2023.10.10,12912
80,지역,[광주전남] 2023 타임캡슐 슈퍼콘서트에 광주전남혈액원 헌혈자를 초청합니다!,https://www.bloodinfo.net/knrcbs/pr/promtn/promtnInfoView.do?mi=1099&promtnSn=181883&result=L,2023.10.10,2023.11.16,광주전남,2023.10.10,11651
81,지역,［광주전남혈액원］생명을 살리는 헌혈 프로모션 시즌2,https://www.bloodinfo.net/knrcbs/pr/promtn/promtnInfoView.do?mi=1099&promtnSn=181863&result=L,2023.10.16,2023.11.10,광주전남,2023.10.06,8258
82,지역,전라북도 도민 헌혈의날 선포식 기념 헌혈릴레이,https://www.bloodinfo.net/knrcbs/pr/promtn/promtnInfoView.do?mi=1099&promtnSn=181862&result=L,2023.09.27,2023.10.04,전북,2023.09.27,1580
83,ABO Friends,[우정선물] 중장년 ABO Friends 모여라,https://www.bloodinfo.net/knrcbs/pr/promtn/promtnInfoView.do?mi=1099&promtnSn=181860&result=L,2023.09.27,2023.11.19,혈액관리본부,2023.09.27,56227
84,ABO Friends,[우정선물] 생애 첫 헌혈한 ABO Friends 모여라,https://www.bloodinfo.net/knrcbs/pr/promtn/promtnInfoView.do?mi=1099&promtnSn=181859&result=L,2023.09.27,2023.11.19,혈액관리본부,2023.09.27,15619
85,ABO Friends,[우정선물] 다회 헌혈한 ABO Friends 모여라,https://www.bloodinfo.net/knrcbs/pr/promtn/promtnInfoView.do?mi=1099&promtnSn=181858&result=L,2023.09.27,2023.11.19,혈액관리본부,2023.09.27,60884
86,전국,한국경제신문과 대한항공이 함께하는 헌혈자 문화 프로모션(10월),https://www.bloodinfo.net/knrcbs/pr/promtn/promtnInfoView.do?mi=1099&promtnSn=181857&result=L,2023.10.01,2023.10.19,혈액관리본부,2023.09.27,12310
87,ABO Friends,[제주 우정여행] 차귀도 요트투어,https://www.bloodinfo.net/knrcbs/pr/promtn/promtnInfoView.do?mi=1099&promtnSn=181853&result=L,2023.10.04,2023.10.22,제주,2023.09.26,5094
88,ABO Friends,"[서울,인천,경기,강원 우정여행] 이영표 토크 콘서트",https://www.bloodinfo.net/knrcbs/pr/promtn/promtnInfoView.do?mi=1099&promtnSn=181852&result=L,2023.10.04,2023.10.29,강원,2023.09.26,8868
89,ABO Friends,"[서울,인천,경기,강원 우정여행] 연극티켓 or 창경궁 별빛 나들이 티켓",https://www.bloodinfo.net/knrcbs/pr/promtn/promtnInfoView.do?mi=1099&promtnSn=181851&result=L,2023.10.04,2023.10.22,강원,2023.09.26,11301
90,ABO Friends,"[서울,인천,경기,강원 우정여행] 뮤지컬 시스터즈 관람",https://www.bloodinfo.net/knrcbs/pr/promtn/promtnInfoView.do?mi=1099&promtnSn=181850&result=L,2023.10.04,2023.10.22,강원,2023.09.26,8812
91,ABO Friends,[제주 우정여행] 스누피가든 or 헬로키티아일랜드 티켓 증정,https://www.bloodinfo.net/knrcbs/pr/promtn/promtnInfoView.do?mi=1099&promtnSn=181849&result=L,2023.10.04,2023.10.22,제주,2023.09.26,3478
92,ABO Friends,"[대구,경북,부산,경남,울산 우정여행] KBL 경기 관람",https://www.bloodinfo.net/knrcbs/pr/promtn/promtnInfoView.do?mi=1099&promtnSn=181848&result=L,2023.10.04,2023.10.29,"대구경북,부산,경남,울산",2023.09.26,6642
93,전국,대한적십자사 창립 118주년 기념 헌혈 프로모션,https://www.bloodinfo.net/knrcbs/pr/promtn/promtnInfoView.do?mi=1099&promtnSn=181847&result=L,2023.10.01,2023.10.31,혈액관리본부,2023.09.26,1725821
94,지역,[인천혈액원] 함께 모여라! 한가위 헌혈 프로모션 안내,https://www.bloodinfo.net/knrcbs/pr/promtn/promtnInfoView.do?mi=1099&promtnSn=181846&result=L,2023.09.28,2023.10.03,인천,2023.09.25,3500
95,지역,(전북혈액원) 헌혈의 집 효자센터 오전 헌혈자 프로모션 안내,https://www.bloodinfo.net/knrcbs/pr/promtn/promtnInfoView.do?mi=1099&promtnSn=181845&result=L,2023.09.01,2023.10.31,전북,2023.09.25,3715
96,지역,(서울중앙혈액원)추석맞이 감사 선물 증정 이벤트,https://www.bloodinfo.net/knrcbs/pr/promtn/promtnInfoView.do?mi=1099&promtnSn=181844&result=L,2023.09.25,2023.09.27,서울중앙,2023.09.25,3271
97,지역,[인천혈액원] 10월 전혈/혈소판 프로모션 안내,https://www.bloodinfo.net/knrcbs/pr/promtn/promtnInfoView.do?mi=1099&promtnSn=181843&result=L,2023.10.01,2023.10.31,인천,2023.09.25,13297
98,전국,하동 짚와이어 할인 프로모션,https://www.bloodinfo.net/knrcbs/pr/promtn/promtnInfoView.do?mi=1099&promtnSn=181827&result=L,2023.10.04,2023.12.04,경남,2023.10.04,20876
99,지역,"[경남혈액원]추석맞이 전혈, 혈소판 헌혈시 기념품 하나 더 프로모션",https://www.bloodinfo.net/knrcbs/pr/promtn/promtnInfoView.do?mi=1099&promtnSn=181826&result=L,2023.09.22,2023.10.03,경남,2023.09.25,1640
100,지역,[경남혈액원]헌혈자 도서 증정 문화 이벤트,https://www.bloodinfo.net/knrcbs/pr/promtn/promtnInfoView.do?mi=1099&promtnSn=181825&result=L,2023.09.25,2023.10.22,경남,2023.09.21,6408
101,지역,[경남혈액원] 헌혈하고 공연보자!,https://www.bloodinfo.net/knrcbs/pr/promtn/promtnInfoView.do?mi=1099&promtnSn=181824&result=L,2023.09.12,2023.12.31,경남,2023.09.21,6615
102,지역,[대전세종충남혈액원] 레드커넥트로 예약 헌헐하고 삼성블루팡스배구단 홈경기 관람권(1인 2매) 받자(헌혈의집 별 시작일자 상이),https://www.bloodinfo.net/knrcbs/pr/promtn/promtnInfoView.do?mi=1099&promtnSn=181823&result=L,2023.09.20,2023.10.31,대전세종충남,2023.09.20,4860
103,지역,[서울남부혈액원]추석연휴 혈소판 특별이벤트,https://www.bloodinfo.net/knrcbs/pr/promtn/promtnInfoView.do?mi=1099&promtnSn=181809&result=L,2023.09.25,2023.10.01,서울중앙,2023.09.22,1882
104,지역,(서울중앙혈액원)달콤 달달 추석 이벤트,https://www.bloodinfo.net/knrcbs/pr/promtn/promtnInfoView.do?mi=1099&promtnSn=181807&result=L,2023.09.19,2023.09.21,서울중앙,2023.09.19,4223
105,지역,[광주·전남]  생애 첫 헌혈 프로모션,https://www.bloodinfo.net/knrcbs/pr/promtn/promtnInfoView.do?mi=1099&promtnSn=181805&result=L,2023.09.15,2023.12.14,광주전남,2023.09.14,6157
106,전국,"합천영상테마파크, 대장경테마파크 할인 프로모션",https://www.bloodinfo.net/knrcbs/pr/promtn/promtnInfoView.do?mi=1099&promtnSn=181772&result=L,2023.09.08,2023.12.04,경남,2023.09.14,18482
107,ABO Friends,ABO Friends 대상 9월 라섹 수술이벤트,https://www.bloodinfo.net/knrcbs/pr/promtn/promtnInfoView.do?mi=1099&promtnSn=181743&result=L,2023.09.08,2023.09.30,혈액관리본부,2023.09.07,8675
108,지역,"[인천혈액원] 대한적십자사 인천지사와 함께하는 2023 함께 걷자, RED Walker",https://www.bloodinfo.net/knrcbs/pr/promtn/promtnInfoView.do?mi=1099&promtnSn=181723&result=L,2023.09.05,2023.09.13,인천,2023.09.04,7846
109,지역,[서울남부] 고속터미널역센터 개소1주년 이벤트 (견과류 선물),https://www.bloodinfo.net/knrcbs/pr/promtn/promtnInfoView.do?mi=1099&promtnSn=181715&result=L,2023.09.04,2023.09.08,서울남부,2023.09.01,1684
110,지역,[충북혈액원] 괴산자연드림파크 공방체험 프로모션,https://www.bloodinfo.net/knrcbs/pr/promtn/promtnInfoView.do?mi=1099&promtnSn=181714&result=L,2023.09.01,2023.10.12,충북,2023.08.31,4087
111,지역,[강원특별자치도혈액원] 10대 헌혈자 프로모션,https://www.bloodinfo.net/knrcbs/pr/promtn/promtnInfoView.do?mi=1099&promtnSn=181713&result=L,2023.09.01,2023.09.30,강원,2023.08.31,1663
112,ABO Friends,[한번 친구는 영원한 친구] 휴면 ABO Friends 회원 프로모션,https://www.bloodinfo.net/knrcbs/pr/promtn/promtnInfoView.do?mi=1099&promtnSn=181712&result=L,2023.09.05,2023.11.26,혈액관리본부,2023.08.30,46730
113,ABO Friends,[한번 친구는 영원한 친구] 중장년 ABO Friends 회원 프로모션,https://www.bloodinfo.net/knrcbs/pr/promtn/promtnInfoView.do?mi=1099&promtnSn=181711&result=L,2023.09.05,2023.11.26,혈액관리본부,2023.08.30,49819
114,ABO Friends,[한번 친구는 영원한 친구] 우수 ABO Friends 회원 프로모션,https://www.bloodinfo.net/knrcbs/pr/promtn/promtnInfoView.do?mi=1099&promtnSn=181710&result=L,2023.09.05,2023.11.26,혈액관리본부,2023.08.30,66812
115,ABO Friends,[한번 친구는 영원한 친구] 신규 ABO Friends 회원 프로모션,https://www.bloodinfo.net/knrcbs/pr/promtn/promtnInfoView.do?mi=1099&promtnSn=181709&result=L,2023.09.05,2023.11.26,혈액관리본부,2023.08.30,27709
116,ABO Friends,[대구·경북] ABO Friends 우정여행 '헌혈하고 헬기타자',https://www.bloodinfo.net/knrcbs/pr/promtn/promtnInfoView.do?mi=1099&promtnSn=181708&result=L,2023.09.05,2023.09.24,대구경북,2023.08.30,5246
117,ABO Friends,[부산·경남·울산] ABO Friends 우정여행 '문화가 있는 광안리 밤바다 투어',https://www.bloodinfo.net/knrcbs/pr/promtn/promtnInfoView.do?mi=1099&promtnSn=181707&result=L,2023.09.05,2023.10.08,"부산,경남,울산",2023.08.30,7704
118,지역,"(서울중앙혈액원)9월에도 주말N 신도림,서울역!",https://www.bloodinfo.net/knrcbs/pr/promtn/promtnInfoView.do?mi=1099&promtnSn=181693&result=L,2023.09.02,2023.09.24,서울중앙,2023.08.31,6304
119,지역,[경남혈액원] 레드커넥트 예약하고 헌혈하자,https://www.bloodinfo.net/knrcbs/pr/promtn/promtnInfoView.do?mi=1099&promtnSn=181692&result=L,2023.09.01,2023.12.31,경남,2023.08.31,9010
120,지역,[서울중앙혈액원] 신촌센터 개소 N주년 프로모션,https://www.bloodinfo.net/knrcbs/pr/promtn/promtnInfoView.do?mi=1099&promtnSn=181683&result=L,2023.08.31,2023.09.02,서울중앙,2023.08.29,1817
121,ABO Friends,[제주] ABO Friends 우정여행 '루나폴 테마파크 체험',https://www.bloodinfo.net/knrcbs/pr/promtn/promtnInfoView.do?mi=1099&promtnSn=181670&result=L,2023.09.05,2023.10.01,제주,2023.08.30,3800
122,ABO Friends,[대전·세종·충남·충북] ABO Friends 우정여행 '헌혈하고 축구 보러가자',https://www.bloodinfo.net/knrcbs/pr/promtn/promtnInfoView.do?mi=1099&promtnSn=181669&result=L,2023.09.05,2023.09.24,"대전세종충남,충북",2023.08.30,3615
123,지역,[대전세종충남] 달콤한 레드커넥트 예약 헌혈★시즌2★,https://www.bloodinfo.net/knrcbs/pr/promtn/promtnInfoView.do?mi=1099&promtnSn=181668&result=L,2023.09.01,2023.09.30,대전세종충남,2023.08.30,9137
124,전국,한국경제신문과 대한항공이 함께하는 헌혈자 문화 프로모션(9월),https://www.bloodinfo.net/knrcbs/pr/promtn/promtnInfoView.do?mi=1099&promtnSn=181666&result=L,2023.09.01,2023.09.21,혈액관리본부,2023.08.30,17165
125,전국,풍성한 한가위 맞이 헌혈 프로모션,https://www.bloodinfo.net/knrcbs/pr/promtn/promtnInfoView.do?mi=1099&promtnSn=181665&result=L,2023.09.01,2023.09.30,혈액관리본부,2023.08.30,118903
126,전국,헌혈유공자의 집 명패 디자인 공모전 대국민 투표 이벤트,https://www.bloodinfo.net/knrcbs/pr/promtn/promtnInfoView.do?mi=1099&promtnSn=181664&result=L,2023.08.29,2023.09.07,혈액관리본부,2023.08.29,11664
127,지역,[광주·전남] 구례자연드림파크 공방견학 + 공방체험 이벤트,https://www.bloodinfo.net/knrcbs/pr/promtn/promtnInfoView.do?mi=1099&promtnSn=181663&result=L,2023.09.01,2023.10.12,광주전남,2023.08.29,3254
128,지역,[인천혈액원] 9월 전혈/혈소판 프로모션 안내,https://www.bloodinfo.net/knrcbs/pr/promtn/promtnInfoView.do?mi=1099&promtnSn=181643&result=L,2023.09.01,2023.09.30,인천,2023.08.28,7029
129,지역,[인천혈액원] 헌혈의집 시흥센터 개소 6개월 프로모션,https://www.bloodinfo.net/knrcbs/pr/promtn/promtnInfoView.do?mi=1099&promtnSn=181626&result=L,2023.09.01,2023.09.30,인천,2023.08.28,2719
130,전국,헌혈하고 갓생살자 프로모션,https://www.bloodinfo.net/knrcbs/pr/promtn/promtnInfoView.do?mi=1099&promtnSn=181625&result=L,2023.08.28,2023.09.18,혈액관리본부,2023.08.28,29942
131,전국,헌혈룩 챌린지 프로모션,https://www.bloodinfo.net/knrcbs/pr/promtn/promtnInfoView.do?mi=1099&promtnSn=181624&result=L,2023.09.01,2023.09.30,혈액관리본부,2023.08.28,40675
132,지역,[경남]ABO Friends 헌혈하고 로봇랜드 가자!,https://www.bloodinfo.net/knrcbs/pr/promtn/promtnInfoView.do?mi=1099&promtnSn=181603&result=L,2023.08.25,2023.09.24,경남,2023.08.21,4654
133,전국,사천바다케이블카 할인 프로모션,https://www.bloodinfo.net/knrcbs/pr/promtn/promtnInfoView.do?mi=1099&promtnSn=181588&result=L,2023.09.01,2023.12.04,경남,2023.08.23,14151
134,ABO Friends,[대전·세종·충남·충북] ABO Friends 우정여행 '헌혈하고 별보러 가자',https://www.bloodinfo.net/knrcbs/pr/promtn/promtnInfoView.do?mi=1099&promtnSn=181586&result=L,2023.08.22,2023.09.10,"대전세종충남,충북",2023.08.21,7498
135,ABO Friends,[전북·전남·광주] ABO Friends 우정 여행 '헌혈하고 축구 보자',https://www.bloodinfo.net/knrcbs/pr/promtn/promtnInfoView.do?mi=1099&promtnSn=181585&result=L,2023.08.22,2023.09.10,"전북,광주전남",2023.08.21,7462
136,ABO Friends,[전북·전남·광주] ABO Friends 우정 여행 '순천만 국제 정원',https://www.bloodinfo.net/knrcbs/pr/promtn/promtnInfoView.do?mi=1099&promtnSn=181584&result=L,2023.08.22,2023.09.10,"전북,광주전남",2023.08.21,7175
137,ABO Friends,"[대전·세종·충남·충북] ABO Friends 우정여행 '베어트리파크, 스포츠몬스터'",https://www.bloodinfo.net/knrcbs/pr/promtn/promtnInfoView.do?mi=1099&promtnSn=181583&result=L,2023.08.22,2023.09.10,"대전세종충남,충북",2023.08.21,4580
138,지역,[서울남부] 이마트 쓱고우와 함께하는 이벤트,https://www.bloodinfo.net/knrcbs/pr/promtn/promtnInfoView.do?mi=1099&promtnSn=181562&result=L,2023.08.17,2023.08.30,서울남부,2023.08.17,7811
139,지역,[서울남부혈액원] 혈소판 프로모션 ,https://www.bloodinfo.net/knrcbs/pr/promtn/promtnInfoView.do?mi=1099&promtnSn=181545&result=L,2023.08.14,2023.08.16,서울남부,2023.08.14,1436
140,ABO Friends,[전북·전남·광주] ABO Friends 우정여행 '야구관람',https://www.bloodinfo.net/knrcbs/pr/promtn/promtnInfoView.do?mi=1099&promtnSn=181543&result=L,2023.08.15,2023.08.31,"전북,광주전남",2023.08.14,9914
141,ABO Friends,ABO Friends 독서왕 내절친,https://www.bloodinfo.net/knrcbs/pr/promtn/promtnInfoView.do?mi=1099&promtnSn=181542&result=L,2023.08.16,2023.10.29,혈액관리본부,2023.08.14,38924
142,지역,[서울동부혈액원] 8월 헌혈자의 날(8.13) 기념 특별기념품 증정,https://www.bloodinfo.net/knrcbs/pr/promtn/promtnInfoView.do?mi=1099&promtnSn=181526&result=L,2023.08.11,2023.08.13,서울동부,2023.08.11,1797
143,지역,[인천혈액원] 김포시 지원 헌혈권장 프로모션,https://www.bloodinfo.net/knrcbs/pr/promtn/promtnInfoView.do?mi=1099&promtnSn=181525&result=L,2023.08.01,2023.12.31,인천,2023.08.11,6729
144,전국,경남로봇랜드 할인 프로모션,https://www.bloodinfo.net/knrcbs/pr/promtn/promtnInfoView.do?mi=1099&promtnSn=181524&result=L,2023.08.02,2023.12.04,경남,2023.08.10,17413
145,ABO Friends,[대구·경북] ABO Friends 우정여행 '야구관람',https://www.bloodinfo.net/knrcbs/pr/promtn/promtnInfoView.do?mi=1099&promtnSn=181523&result=L,2023.08.11,2023.08.24,대구경북,2023.08.10,5135
146,ABO Friends,[부산·경남·울산] ABO Friends 우정여행 '야구관람',https://www.bloodinfo.net/knrcbs/pr/promtn/promtnInfoView.do?mi=1099&promtnSn=181522&result=L,2023.08.11,2023.08.24,"부산,경남,울산",2023.08.10,5357
147,지역,[강원특별자치도혈액원] 말복에 헌혈하고 치킨먹자!,https://www.bloodinfo.net/knrcbs/pr/promtn/promtnInfoView.do?mi=1099&promtnSn=181502&result=L,2023.08.10,2023.08.20,강원,2023.08.08,4518
148,ABO Friends,ABO Friends 대상 8월 라섹 수술이벤트,https://www.bloodinfo.net/knrcbs/pr/promtn/promtnInfoView.do?mi=1099&promtnSn=181484&result=L,2023.08.09,2023.08.31,혈액관리본부,2023.08.03,6259
149,전국,한국경제신문과 대한항공이 함께하는 헌혈자 문화 프로모션,https://www.bloodinfo.net/knrcbs/pr/promtn/promtnInfoView.do?mi=1099&promtnSn=181483&result=L,2023.08.04,2023.08.24,혈액관리본부,2023.08.03,17729
150,지역,[경남혈액원] 프로야구경기 시즌권 증정 이벤트,https://www.bloodinfo.net/knrcbs/pr/promtn/promtnInfoView.do?mi=1099&promtnSn=181482&result=L,2023.08.04,2023.08.15,경남,2023.08.03,3400
151,지역,[서울중앙혈액원] 혈소판데이 프로모션,https://www.bloodinfo.net/knrcbs/pr/promtn/promtnInfoView.do?mi=1099&promtnSn=181462&result=L,2023.08.01,2023.12.31,서울중앙,2023.08.01,28066
152,지역,[서울남부혈액원] 8월 B-day 이벤트,https://www.bloodinfo.net/knrcbs/pr/promtn/promtnInfoView.do?mi=1099&promtnSn=181448&result=L,2023.08.11,2023.08.11,서울남부,2023.08.01,496
153,지역,[서울남부혈액원] 헌혈 릴레이 이벤트,https://www.bloodinfo.net/knrcbs/pr/promtn/promtnInfoView.do?mi=1099&promtnSn=181447&result=L,2023.08.01,2023.11.30,서울남부,2023.08.01,12989
154,지역,[서울남부혈액원] 판교센터 SUMMER 손목밴드 이벤트,https://www.bloodinfo.net/knrcbs/pr/promtn/promtnInfoView.do?mi=1099&promtnSn=181446&result=L,2023.08.01,2023.08.31,서울남부,2023.08.01,3799
155,지역,[서울남부혈액원] 잠실역센터 방학맞이 프로모션,https://www.bloodinfo.net/knrcbs/pr/promtn/promtnInfoView.do?mi=1099&promtnSn=181445&result=L,2023.08.01,2023.08.15,서울남부,2023.08.01,2144
156,전국,웍스아웃과 함께하는 헌혈 프로모션,https://www.bloodinfo.net/knrcbs/pr/promtn/promtnInfoView.do?mi=1099&promtnSn=181444&result=L,2023.08.01,2023.12.31,혈액관리본부,2023.08.01,89676
157,지역,[강원특별자치도혈액원] 10대 헌혈자 프로모션,https://www.bloodinfo.net/knrcbs/pr/promtn/promtnInfoView.do?mi=1099&promtnSn=181443&result=L,2023.08.01,2023.08.31,강원,2023.07.31,2311
158,전국,815 광복절 기념 헌혈 프로모션,https://www.bloodinfo.net/knrcbs/pr/promtn/promtnInfoView.do?mi=1099&promtnSn=181442&result=L,2023.08.01,2023.08.31,혈액관리본부,2023.07.31,134401
159,지역,[인천혈액원] 8월 전혈/혈소판 프로모션,https://www.bloodinfo.net/knrcbs/pr/promtn/promtnInfoView.do?mi=1099&promtnSn=181422&result=L,2023.08.01,2023.08.31,인천,2023.07.28,12313
160,지역,(서울중앙혈액원)목동센터 개소 N주년 프로모션,https://www.bloodinfo.net/knrcbs/pr/promtn/promtnInfoView.do?mi=1099&promtnSn=181402&result=L,2023.07.27,2023.07.29,서울중앙,2023.07.26,1714
161,지역,(서울중앙혈액원)대화역센터 개소 N주년 프로모션,https://www.bloodinfo.net/knrcbs/pr/promtn/promtnInfoView.do?mi=1099&promtnSn=181382&result=L,2023.07.20,2023.07.22,서울중앙,2023.07.18,1387
162,지역,[인천혈액원] 고등학생 대상 '헌혈하고 여름나기!' 프로모션,https://www.bloodinfo.net/knrcbs/pr/promtn/promtnInfoView.do?mi=1099&promtnSn=181365&result=L,2023.07.21,2023.08.31,인천,2023.07.19,3736
163,전국,한국경제신문과 대한항공이 함께하는 헌혈 프로모션,https://www.bloodinfo.net/knrcbs/pr/promtn/promtnInfoView.do?mi=1099&promtnSn=181364&result=L,2023.07.19,2023.12.31,혈액관리본부,2023.07.18,109458
164,지역,[강원혈액원] 중복에 헌혈하고 치킨먹자!,https://www.bloodinfo.net/knrcbs/pr/promtn/promtnInfoView.do?mi=1099&promtnSn=181363&result=L,2023.07.21,2023.07.31,강원,2023.07.18,4510
165,지역,[서울중앙혈액원] 레드커넥트 예약프로모션,https://www.bloodinfo.net/knrcbs/pr/promtn/promtnInfoView.do?mi=1099&promtnSn=181362&result=L,2023.07.01,2023.12.31,서울중앙,2023.07.17,41956
166,지역,"[서울중앙혈액원] 신도림테크노마트, 서울역센터 주말 프로모션",https://www.bloodinfo.net/knrcbs/pr/promtn/promtnInfoView.do?mi=1099&promtnSn=181361&result=L,2023.07.08,2023.08.27,서울중앙,2023.07.14,7033
167,지역,[서울중앙혈액원] 구로디지털단지역센터 개소 N주년 프로모션,https://www.bloodinfo.net/knrcbs/pr/promtn/promtnInfoView.do?mi=1099&promtnSn=181360&result=L,2023.07.17,2023.07.19,서울중앙,2023.07.14,2677
168,지역,[광주전남혈액원] 헌혈하고 빙수 먹으러 가자,https://www.bloodinfo.net/knrcbs/pr/promtn/promtnInfoView.do?mi=1099&promtnSn=181340&result=L,2023.07.12,2023.08.29,광주전남,2023.07.13,4495
169,지역,[서울중앙혈액원] 영화 밀수 시사회 응모 프로모션,https://www.bloodinfo.net/knrcbs/pr/promtn/promtnInfoView.do?mi=1099&promtnSn=181323&result=L,2023.07.12,2023.07.13,서울중앙,2023.07.11,5432
170,지역,[서울중앙혈액원] 중앙센터 개소 N주년 프로모션,https://www.bloodinfo.net/knrcbs/pr/promtn/promtnInfoView.do?mi=1099&promtnSn=181322&result=L,2023.07.12,2023.07.14,서울중앙,2023.07.10,4530
171,지역,[경남혈액원] 2023년 경상국립대 헌혈장학생 표창제도,https://www.bloodinfo.net/knrcbs/pr/promtn/promtnInfoView.do?mi=1099&promtnSn=181320&result=L,2022.12.01,2023.11.30,경남,2023.07.10,4043
172,지역,[서울중앙혈액원] 헌혈할 준비했 SUMMER 프로모션,https://www.bloodinfo.net/knrcbs/pr/promtn/promtnInfoView.do?mi=1099&promtnSn=181302&result=L,2023.07.05,2023.08.11,서울중앙,2023.07.07,16927
173,지역,[인천혈액원] 작전센터에서 헌혈하고! 커피먹고!,https://www.bloodinfo.net/knrcbs/pr/promtn/promtnInfoView.do?mi=1099&promtnSn=181301&result=L,2023.07.10,2023.10.31,인천,2023.07.07,10591
174,지역,[서울남부혈액원] 헌혈하고 야구보자! (프로야구관람 프로모션),https://www.bloodinfo.net/knrcbs/pr/promtn/promtnInfoView.do?mi=1099&promtnSn=181281&result=L,2023.07.06,2023.07.16,서울남부,2023.07.06,4864
175,지역,"[서울중앙혈액원] 서울대역,우장산역센터 개소 N주년 프로모션",https://www.bloodinfo.net/knrcbs/pr/promtn/promtnInfoView.do?mi=1099&promtnSn=181280&result=L,2023.07.05,2023.07.07,서울중앙,2023.07.05,1111
176,ABO Friends,ABO Friends 대상 7월 라섹 수술이벤트,https://www.bloodinfo.net/knrcbs/pr/promtn/promtnInfoView.do?mi=1099&promtnSn=181260&result=L,2023.07.07,2023.07.31,혈액관리본부,2023.07.05,6589
177,지역,[서울남부혈액원] 농심과 함께 하는 건강 UP 헌혈 프로모션(7월),https://www.bloodinfo.net/knrcbs/pr/promtn/promtnInfoView.do?mi=1099&promtnSn=181240&result=L,2023.07.01,2023.07.31,서울남부,2023.07.03,6250
178,전국,[전체 헌혈자] 대상그룹 헌혈캠페인 레드챌린지,https://www.bloodinfo.net/knrcbs/pr/promtn/promtnInfoView.do?mi=1099&promtnSn=181222&result=L,2023.07.01,2023.07.31,혈액관리본부,2023.06.30,58692
179,전국,[생애 첫 헌혈자] 대상그룹 헌혈캠페인 레드챌린지,https://www.bloodinfo.net/knrcbs/pr/promtn/promtnInfoView.do?mi=1099&promtnSn=181220&result=L,2023.07.01,2023.07.31,혈액관리본부,2023.06.30,9423
180,지역,[인천혈액원] 중장년층 생애 재헌혈 프로모션,https://www.bloodinfo.net/knrcbs/pr/promtn/promtnInfoView.do?mi=1099&promtnSn=181200&result=L,2023.07.01,2023.12.31,인천,2023.06.21,9596
181,지역,[충북혈액원]청주터미널센터 개소 기념 프로모션(개소기념품 증정),https://www.bloodinfo.net/knrcbs/pr/promtn/promtnInfoView.do?mi=1099&promtnSn=181180&result=L,2023.06.15,2023.06.30,충북,2023.06.16,4192
182,지역,[서울동부혈액원] 헌혈자의 날(6.14) 기념 특별기념품 증정,https://www.bloodinfo.net/knrcbs/pr/promtn/promtnInfoView.do?mi=1099&promtnSn=181161&result=L,2023.06.13,2023.06.14,서울동부,2023.06.13,3468
183,지역,[대전세종충남혈액원]6.14 헌혈자의날 특별기념품 증정,https://www.bloodinfo.net/knrcbs/pr/promtn/promtnInfoView.do?mi=1099&promtnSn=181160&result=L,2023.06.14,2023.06.14,대전세종충남,2023.06.12,3413
184,지역,(경기혈액원)6.14헌혈자의 날 기념 프로모션,https://www.bloodinfo.net/knrcbs/pr/promtn/promtnInfoView.do?mi=1099&promtnSn=181142&result=L,2023.06.13,2023.06.16,경기,2023.06.13,3928
185,지역,[서울남부]6.14 달콤한 프로모션!,https://www.bloodinfo.net/knrcbs/pr/promtn/promtnInfoView.do?mi=1099&promtnSn=181141&result=L,2023.06.13,2023.06.15,서울남부,2023.06.12,2851
186,지역,［광주전남혈액원］생명을 살리는 헌혈 프로모션,https://www.bloodinfo.net/knrcbs/pr/promtn/promtnInfoView.do?mi=1099&promtnSn=181140&result=L,2023.06.10,2023.07.09,광주전남,2023.06.12,3924
187,지역,(서울중앙혈액원)헌혈자와 함께 하는 행복한 헌혈자의날 프로모션,https://www.bloodinfo.net/knrcbs/pr/promtn/promtnInfoView.do?mi=1099&promtnSn=181120&result=L,2023.06.12,2023.06.19,서울중앙,2023.06.08,18865
188,ABO Friends,ABO Friends 대상 6월 라섹 수술이벤트,https://www.bloodinfo.net/knrcbs/pr/promtn/promtnInfoView.do?mi=1099&promtnSn=181100&result=L,2023.06.09,2023.06.30,혈액관리본부,2023.06.08,8129
189,지역,[인천혈액원] 헌혈의집 시흥센터 개소 3개월 프로모션,https://www.bloodinfo.net/knrcbs/pr/promtn/promtnInfoView.do?mi=1099&promtnSn=181081&result=L,2023.06.03,2023.06.11,인천,2023.06.05,1495
190,지역,[서울남부]농심과 함께 하는 건강 UP 헌혈 프로모션(6월),https://www.bloodinfo.net/knrcbs/pr/promtn/promtnInfoView.do?mi=1099&promtnSn=181080&result=L,2023.06.01,2023.06.30,서울남부,2023.06.05,7753
191,지역,[인천혈액원] 2023년 헌혈자의 날 기념 감사 프로모션,https://www.bloodinfo.net/knrcbs/pr/promtn/promtnInfoView.do?mi=1099&promtnSn=181040&result=L,2023.06.14,2023.06.20,인천,2023.05.31,13331
192,지역,"[서울남부] 판교, 하남센터 여름맞이 이벤트",https://www.bloodinfo.net/knrcbs/pr/promtn/promtnInfoView.do?mi=1099&promtnSn=181021&result=L,2023.06.02,2023.06.06,서울남부,2023.05.31,1911
193,지역,[서울중앙혈액원] 6.14. 헌혈자의날 기념 영화 '귀공자' 시사회 초대 프로모션,https://www.bloodinfo.net/knrcbs/pr/promtn/promtnInfoView.do?mi=1099&promtnSn=181020&result=L,2023.06.01,2023.06.08,서울중앙,2023.05.30,8240
194,지역,[경남혈액원] 31일간 사랑나눔 헌혈캠페인,https://www.bloodinfo.net/knrcbs/pr/promtn/promtnInfoView.do?mi=1099&promtnSn=181000&result=L,2023.05.31,2023.06.30,경남,2023.05.30,10833
195,지역,[서울동부혈액원] 헌혈자의 날 축제 614 투게더 프로모션,https://www.bloodinfo.net/knrcbs/pr/promtn/promtnInfoView.do?mi=1099&promtnSn=180981&result=L,2023.05.25,2023.06.14,서울동부,2023.05.24,36853
196,전국,[제주혈액원]6.14헌혈자의 날 기념 제주-추자 무료탑승 이벤트,https://www.bloodinfo.net/knrcbs/pr/promtn/promtnInfoView.do?mi=1099&promtnSn=180980&result=L,2023.05.24,2023.06.14,제주,2023.05.24,10597
197,지역,[강원혈액원] 강원대학교와 함께하는 1004 캠페인,https://www.bloodinfo.net/knrcbs/pr/promtn/promtnInfoView.do?mi=1099&promtnSn=180962&result=L,2023.05.15,2023.06.16,강원,2023.05.23,2181
198,지역,[경기혈액원] 2023년 헌혈자의 날(6.14)기념 헌혈자 초청 프로모션( KT위즈 vs 삼성라이온즈),https://www.bloodinfo.net/knrcbs/pr/promtn/promtnInfoView.do?mi=1099&promtnSn=180960&result=L,2023.05.22,2023.06.06,경기,2023.05.22,12354
199,지역,[서울남부] 이마트 쓱고우와 함께하는 이벤트,https://www.bloodinfo.net/knrcbs/pr/promtn/promtnInfoView.do?mi=1099&promtnSn=180940&result=L,2023.05.19,2023.06.14,서울남부,2023.05.19,5539
200,지역,[대전세종충남혈액원] 헌혈로 떠나는 무비 바캉스,https://www.bloodinfo.net/knrcbs/pr/promtn/promtnInfoView.do?mi=1099&promtnSn=180924&result=L,2023.05.19,2023.06.11,대전세종충남,2023.05.18,27066
201,지역,[경남혈액원] 중장년층 헌혈자와 함께하는 프로야구경기 관람 이벤트,https://www.bloodinfo.net/knrcbs/pr/promtn/promtnInfoView.do?mi=1099&promtnSn=180923&result=L,2023.05.19,2023.06.04,경남,2023.05.17,5805
202,지역,[울산혈액원] 롯데자이언츠 울산 홈경기 프로모션,https://www.bloodinfo.net/knrcbs/pr/promtn/promtnInfoView.do?mi=1099&promtnSn=180922&result=L,2023.05.17,2023.06.18,울산,2023.05.17,14756
203,지역,[광주전남혈액원] 헌혈하고 야구장 가자!,https://www.bloodinfo.net/knrcbs/pr/promtn/promtnInfoView.do?mi=1099&promtnSn=180921&result=L,2023.05.15,2023.06.06,광주전남,2023.05.15,5627
204,지역,[경남혈액원] ABO Friends를 위한 ABO 베이킹 파티! EVENT,https://www.bloodinfo.net/knrcbs/pr/promtn/promtnInfoView.do?mi=1099&promtnSn=180900&result=L,2023.05.15,2023.05.31,경남,2023.05.12,3026
205,지역,[인천혈액원] 성년의날 기념 프로모션,https://www.bloodinfo.net/knrcbs/pr/promtn/promtnInfoView.do?mi=1099&promtnSn=180861&result=L,2023.05.15,2023.05.15,인천,2023.05.10,1495
206,지역,[제주혈액원] 6.14 대한민국 헌혈자의 날 기념 제주Utd 축구관람 문화행사 이벤트,https://www.bloodinfo.net/knrcbs/pr/promtn/promtnInfoView.do?mi=1099&promtnSn=180860&result=L,2023.05.18,2023.06.14,제주,2023.05.10,4640
207,ABO Friends,ABO Friends대상 5월 라섹 수술이벤트,https://www.bloodinfo.net/knrcbs/pr/promtn/promtnInfoView.do?mi=1099&promtnSn=180840&result=L,2023.05.10,2023.05.31,혈액관리본부,2023.05.08,7043
208,지역,[대전세종충남혈액원] 충청남도 중장년! 헌혈하고 선물 받자! Again!,https://www.bloodinfo.net/knrcbs/pr/promtn/promtnInfoView.do?mi=1099&promtnSn=180820&result=L,2023.05.13,2023.12.20,대전세종충남,2023.05.04,35918
209,지역,[충북혈액원] 6.14 헌혈자의 날 충북청주FC 홈 경기 관람 이벤트,https://www.bloodinfo.net/knrcbs/pr/promtn/promtnInfoView.do?mi=1099&promtnSn=180801&result=L,2023.05.04,2023.05.29,충북,2023.05.03,8952
210,지역,[서울남부]농심과 함께 하는 건강 UP 헌혈 프로모션(5월),https://www.bloodinfo.net/knrcbs/pr/promtn/promtnInfoView.do?mi=1099&promtnSn=180800&result=L,2023.05.01,2023.05.31,서울남부,2023.05.03,7626
211,지역,(7차)(대전세종충남혈액원) 생명으로 이어지는 레드커넥트! AGAIN!,https://www.bloodinfo.net/knrcbs/pr/promtn/promtnInfoView.do?mi=1099&promtnSn=180786&result=L,2023.11.01,2023.12.13,대전세종충남,2023.05.01,8627
212,지역,(6차)(대전세종충남혈액원) 생명으로 이어지는 레드커넥트! AGAIN!,https://www.bloodinfo.net/knrcbs/pr/promtn/promtnInfoView.do?mi=1099&promtnSn=180785&result=L,2023.10.01,2023.10.31,대전세종충남,2023.05.01,3178
213,지역,(5차)(대전세종충남혈액원) 생명으로 이어지는 레드커넥트! AGAIN!,https://www.bloodinfo.net/knrcbs/pr/promtn/promtnInfoView.do?mi=1099&promtnSn=180784&result=L,2023.09.01,2023.09.30,대전세종충남,2023.05.01,4656
214,지역,(4차)(대전세종충남혈액원) 생명으로 이어지는 레드커넥트! AGAIN!,https://www.bloodinfo.net/knrcbs/pr/promtn/promtnInfoView.do?mi=1099&promtnSn=180783&result=L,2023.08.01,2023.08.31,대전세종충남,2023.05.01,6661
215,지역,(3차)(대전세종충남혈액원) 생명으로 이어지는 레드커넥트! AGAIN!,https://www.bloodinfo.net/knrcbs/pr/promtn/promtnInfoView.do?mi=1099&promtnSn=180782&result=L,2023.07.01,2023.07.31,대전세종충남,2023.05.01,6854
216,지역,(2차)(대전세종충남혈액원) 생명으로 이어지는 레드커넥트! AGAIN!,https://www.bloodinfo.net/knrcbs/pr/promtn/promtnInfoView.do?mi=1099&promtnSn=180781&result=L,2023.06.01,2023.06.30,대전세종충남,2023.05.01,6145
217,지역,(1차)(대전세종충남혈액원) 생명으로 이어지는 레드커넥트! AGAIN!,https://www.bloodinfo.net/knrcbs/pr/promtn/promtnInfoView.do?mi=1099&promtnSn=180780&result=L,2023.01.01,2023.05.31,대전세종충남,2023.05.01,19226
218,지역,[인천혈액원] 남동구와 함께하는 구월센터 청소년 다회헌혈자 프로모션,https://www.bloodinfo.net/knrcbs/pr/promtn/promtnInfoView.do?mi=1099&promtnSn=180760&result=L,2023.05.01,2023.12.31,인천,2023.04.27,12513
219,지역,[대구경북혈액원] 헌혈자와 함께하는 프로야구경기 관람 이벤트,https://www.bloodinfo.net/knrcbs/pr/promtn/promtnInfoView.do?mi=1099&promtnSn=180740&result=L,2023.04.15,2023.06.14,대구경북,2023.04.27,54936
220,지역,(전북혈액원) 전북현대모터스 홈경기 관람 이벤트,https://www.bloodinfo.net/knrcbs/pr/promtn/promtnInfoView.do?mi=1099&promtnSn=180721&result=L,2023.05.01,2023.05.15,전북,2023.04.27,6221
221,지역,(전북혈액원)아름다운 중년 헌혈라이프 럭키7스탬프 프로모션,https://www.bloodinfo.net/knrcbs/pr/promtn/promtnInfoView.do?mi=1099&promtnSn=180720&result=L,2023.05.01,2023.11.30,전북,2023.04.26,8790
222,전국,파주 곤돌라 DMZ 헌혈자 혜택 프로모션,https://www.bloodinfo.net/knrcbs/pr/promtn/promtnInfoView.do?mi=1099&promtnSn=180700&result=L,2023.04.21,2023.11.20,혈액관리본부,2023.04.21,153743
223,지역,(제주혈액원)고교생 생애 두번째 헌혈 이벤트 - 두번째헌혈 응원해요!,https://www.bloodinfo.net/knrcbs/pr/promtn/promtnInfoView.do?mi=1099&promtnSn=180681&result=L,2023.03.01,2023.12.31,제주,2023.04.20,2735
224,지역,(제주혈액원)헌혈할 친구들 여기붙어라! - 제주혈액원 소규모그룹 활성화 이벤트,https://www.bloodinfo.net/knrcbs/pr/promtn/promtnInfoView.do?mi=1099&promtnSn=180680&result=L,2023.04.01,2023.10.31,제주,2023.04.20,3099
225,지역,[대전세종충남혈액원] 23년 상반기 프로헌혈러 프로모션,https://www.bloodinfo.net/knrcbs/pr/promtn/promtnInfoView.do?mi=1099&promtnSn=180661&result=L,2023.01.11,2023.06.30,대전세종충남,2023.04.14,9334
226,지역,[서울남부] 레깅스 추가 증정 이벤트,https://www.bloodinfo.net/knrcbs/pr/promtn/promtnInfoView.do?mi=1099&promtnSn=180660&result=L,2023.04.14,2023.04.15,서울남부,2023.04.14,2245
227,지역,[서울동부혈액원] 헌혈하고 예뻐져봄!,https://www.bloodinfo.net/knrcbs/pr/promtn/promtnInfoView.do?mi=1099&promtnSn=180640&result=L,2023.04.17,2023.04.30,서울동부,2023.04.12,11041
228,ABO Friends,ABO Friends대상 4월 라섹 수술이벤트,https://www.bloodinfo.net/knrcbs/pr/promtn/promtnInfoView.do?mi=1099&promtnSn=180620&result=L,2023.04.07,2023.04.30,혈액관리본부,2023.04.06,7987
229,지역,경남혈액원 헌혈의집 김해센터에 놀러와! 확장 이전 EVENT,https://www.bloodinfo.net/knrcbs/pr/promtn/promtnInfoView.do?mi=1099&promtnSn=180600&result=L,2023.04.06,2023.04.19,경남,2023.04.06,4645
230,지역,[서울남부]농심과 함께 하는 건강 UP 헌혈 프로모션(4월),https://www.bloodinfo.net/knrcbs/pr/promtn/promtnInfoView.do?mi=1099&promtnSn=180586&result=L,2023.04.01,2023.04.30,서울남부,2023.04.03,10024
231,지역,[대전세종충남혈액원] 우수 헌혈 청소년 표창 프로모션,https://www.bloodinfo.net/knrcbs/pr/promtn/promtnInfoView.do?mi=1099&promtnSn=180584&result=L,2023.03.31,2023.12.31,대전세종충남,2023.03.31,7557
232,전국,(4차)4월부터 5월까지 봄맞이 헌혈 프로모션,https://www.bloodinfo.net/knrcbs/pr/promtn/promtnInfoView.do?mi=1099&promtnSn=180583&result=L,2023.05.16,2023.05.31,혈액관리본부,2023.03.31,59175
233,전국,(3차)4월부터 5월까지 봄맞이 헌혈 프로모션,https://www.bloodinfo.net/knrcbs/pr/promtn/promtnInfoView.do?mi=1099&promtnSn=180582&result=L,2023.05.01,2023.05.15,혈액관리본부,2023.03.31,61674
234,전국,(2차)4월부터 5월까지 봄맞이 헌혈 프로모션,https://www.bloodinfo.net/knrcbs/pr/promtn/promtnInfoView.do?mi=1099&promtnSn=180581&result=L,2023.04.16,2023.04.30,혈액관리본부,2023.03.31,169211
235,전국,(1차)4월부터 5월까지 봄맞이 헌혈 프로모션,https://www.bloodinfo.net/knrcbs/pr/promtn/promtnInfoView.do?mi=1099&promtnSn=180580&result=L,2023.04.01,2023.04.15,혈액관리본부,2023.03.31,146423
236,지역,[서울동부혈액원] 4.1~4.16 헌혈하고 롯데월드로 봄소풍 떠나봄!,https://www.bloodinfo.net/knrcbs/pr/promtn/promtnInfoView.do?mi=1099&promtnSn=180560&result=L,2023.04.01,2023.04.16,서울동부,2023.03.31,11989
237,지역,(서울중앙)영화 리바운드 시사회 초대,https://www.bloodinfo.net/knrcbs/pr/promtn/promtnInfoView.do?mi=1099&promtnSn=180540&result=L,2023.03.29,2023.03.30,서울중앙,2023.03.27,2565
238,지역,"(서울중앙)헌혈하고 점심 먹자, Let's B-Lunch 프로모션",https://www.bloodinfo.net/knrcbs/pr/promtn/promtnInfoView.do?mi=1099&promtnSn=180522&result=L,2023.03.27,2023.04.21,서울중앙,2023.03.24,9953
239,전국,친구들과 함께 #bd챌린지 이벤트,https://www.bloodinfo.net/knrcbs/pr/promtn/promtnInfoView.do?mi=1099&promtnSn=180520&result=L,2023.03.24,2024.01.31,혈액관리본부,2023.03.24,77623
240,지역,[서울동부혈액원] 3.24(금) 뮤지컬 베토벤 공연/추첨 증정 프로모션,https://www.bloodinfo.net/knrcbs/pr/promtn/promtnInfoView.do?mi=1099&promtnSn=180501&result=L,2023.03.17,2023.03.23,서울동부,2023.03.15,6240
241,지역,[서울동부혈액원] 3.17(금) 뮤지컬 베토벤 추첨 증정 프로모션,https://www.bloodinfo.net/knrcbs/pr/promtn/promtnInfoView.do?mi=1099&promtnSn=180500&result=L,2023.03.16,2023.03.16,서울동부,2023.03.15,1281
242,지역,"(대구대, 대구보건대) 나도 이젠 헌혈 히어로!",https://www.bloodinfo.net/knrcbs/pr/promtn/promtnInfoView.do?mi=1099&promtnSn=180480&result=L,2023.01.01,2023.11.30,대구경북,2023.03.14,13623
243,지역,[서울동부혈액원] 3.15(수) 뮤지컬 베토벤 추첨 증정 프로모션,https://www.bloodinfo.net/knrcbs/pr/promtn/promtnInfoView.do?mi=1099&promtnSn=180460&result=L,2023.03.14,2023.03.14,서울동부,2023.03.13,3839
244,ABO Friends,ABO Friends대상 3월 라섹 수술이벤트,https://www.bloodinfo.net/knrcbs/pr/promtn/promtnInfoView.do?mi=1099&promtnSn=180440&result=L,2023.03.10,2023.03.31,혈액관리본부,2023.03.10,9074
245,ABO Friends,(주)hy와 함께하는 생명나눔 실천캠페인,https://www.bloodinfo.net/knrcbs/pr/promtn/promtnInfoView.do?mi=1099&promtnSn=180420&result=L,2023.03.13,2023.12.31,혈액관리본부,2023.03.08,130345
246,지역,2023년 전북혈액원 헌혈 우수학생 표창,https://www.bloodinfo.net/knrcbs/pr/promtn/promtnInfoView.do?mi=1099&promtnSn=180400&result=L,2023.01.01,2023.12.31,전북,2023.03.03,10706
247,지역,[서울남부]농심과 함께 하는 건강 UP 헌혈 프로모션,https://www.bloodinfo.net/knrcbs/pr/promtn/promtnInfoView.do?mi=1099&promtnSn=180362&result=L,2023.03.01,2023.03.31,서울남부,2023.02.28,12431
248,지역,[서울남부]3·1운동 헌혈운동,https://www.bloodinfo.net/knrcbs/pr/promtn/promtnInfoView.do?mi=1099&promtnSn=180361&result=L,2023.03.01,2023.03.31,서울남부,2023.02.27,11471
249,지역,[인천혈액원] 2023년 예약헌혈 프로모션,https://www.bloodinfo.net/knrcbs/pr/promtn/promtnInfoView.do?mi=1099&promtnSn=180360&result=L,2023.03.01,2023.10.31,인천,2023.02.27,38455
250,지역,[대전세종충남혈액원] 달~콤한 레드커넥트 예약 헌혈 프로모션,https://www.bloodinfo.net/knrcbs/pr/promtn/promtnInfoView.do?mi=1099&promtnSn=180341&result=L,2023.03.01,2023.03.31,대전세종충남,2023.02.23,7329
251,지역,[인천혈액원] 고등학생 생애 재헌혈 프로모션(1차),https://www.bloodinfo.net/knrcbs/pr/promtn/promtnInfoView.do?mi=1099&promtnSn=180340&result=L,2023.03.01,2023.06.30,인천,2023.02.23,4509
252,지역,[서울중앙혈액원]새학기를 맞아 충전해 DREAM 프로모션,https://www.bloodinfo.net/knrcbs/pr/promtn/promtnInfoView.do?mi=1099&promtnSn=180320&result=L,2023.02.17,2023.03.19,서울중앙,2023.02.16,11142
253,지역,(예시)연중 혈액원 프로모션 게시,https://www.bloodinfo.net/knrcbs/pr/promtn/promtnInfoView.do?mi=1099&promtnSn=180300&result=L,2023.02.07,2023.02.28,혈액관리본부,2023.02.14,952366
254,ABO Friends,ABO Friends대상 2월 라섹 수술이벤트,https://www.bloodinfo.net/knrcbs/pr/promtn/promtnInfoView.do?mi=1099&promtnSn=180280&result=L,2023.02.10,2023.02.28,혈액관리본부,2023.02.09,11065
255,지역,[인천혈액원] ABO Friends 헌혈챌린지 스탬프 프로모션,https://www.bloodinfo.net/knrcbs/pr/promtn/promtnInfoView.do?mi=1099&promtnSn=180220&result=L,2023.02.08,2023.12.31,인천,2023.02.02,33806
256,지역,[서울동부혈액원] 추위 뚫고 따뜻한 헌혈 사랑 나누기,https://www.bloodinfo.net/knrcbs/pr/promtn/promtnInfoView.do?mi=1099&promtnSn=180200&result=L,2023.02.01,2023.02.28,서울동부,2023.01.31,9515
257,전국,(4차)가족·친구·연인과 함께하는 헌캉스 프로모션,https://www.bloodinfo.net/knrcbs/pr/promtn/promtnInfoView.do?mi=1099&promtnSn=180183&result=L,2023.03.15,2023.03.31,혈액관리본부,2023.01.31,116243
258,전국,(3차)가족·친구·연인과 함께하는 헌캉스 프로모션,https://www.bloodinfo.net/knrcbs/pr/promtn/promtnInfoView.do?mi=1099&promtnSn=180182&result=L,2023.03.01,2023.03.14,혈액관리본부,2023.01.31,105789
259,전국,(2차)가족·친구·연인과 함께하는 헌캉스 프로모션,https://www.bloodinfo.net/knrcbs/pr/promtn/promtnInfoView.do?mi=1099&promtnSn=180181&result=L,2023.02.15,2023.02.28,혈액관리본부,2023.01.31,117111
260,전국,(1차)가족·친구·연인과 함께하는 헌캉스 프로모션,https://www.bloodinfo.net/knrcbs/pr/promtn/promtnInfoView.do?mi=1099&promtnSn=180180&result=L,2023.02.01,2023.02.14,혈액관리본부,2023.01.31,130636
261,지역,[인천혈액원] 10대 헌혈 응원 프로모션,https://www.bloodinfo.net/knrcbs/pr/promtn/promtnInfoView.do?mi=1099&promtnSn=180160&result=L,2023.02.06,2023.02.28,인천,2023.01.30,2713
262,전국,웍스아웃과 함께하는 헌혈 프로모션,https://www.bloodinfo.net/knrcbs/pr/promtn/promtnInfoView.do?mi=1099&promtnSn=180120&result=L,2023.01.25,2023.04.30,혈액관리본부,2023.01.20,109144
263,전국,BUSAN X the SKY 헌혈자 할인 이벤트,https://www.bloodinfo.net/knrcbs/pr/promtn/promtnInfoView.do?mi=1099&promtnSn=180100&result=L,2023.01.01,2023.12.31,부산,2023.01.17,59489
264,지역,[서울남부혈액원]코엑스 아쿠아리움과 함께하는 새해맞이 이벤트,https://www.bloodinfo.net/knrcbs/pr/promtn/promtnInfoView.do?mi=1099&promtnSn=180082&result=L,2023.01.16,2023.03.31,서울남부,2023.01.18,12760
265,지역,[서울남부혈액원]1월  혈소판 헌혈 주간 이벤트,https://www.bloodinfo.net/knrcbs/pr/promtn/promtnInfoView.do?mi=1099&promtnSn=180081&result=L,2023.01.18,2023.01.27,서울남부,2023.01.18,5369
266,지역,2023년 설맞이 프로모션 꽃길만 걷끼,https://www.bloodinfo.net/knrcbs/pr/promtn/promtnInfoView.do?mi=1099&promtnSn=180080&result=L,2023.01.18,2023.01.25,서울중앙,2023.01.17,6790
267,지역,2023년도 충북혈액원 프로모션,https://www.bloodinfo.net/knrcbs/pr/promtn/promtnInfoView.do?mi=1099&promtnSn=180040&result=L,2023.01.01,2023.12.31,충북,2023.01.11,27753
268,ABO Friends,ABO Friends대상 1월 라섹 수술이벤트,https://www.bloodinfo.net/knrcbs/pr/promtn/promtnInfoView.do?mi=1099&promtnSn=180020&result=L,2023.01.11,2023.01.31,혈액관리본부,2023.01.10,9437
269,지역,2023년도 부산혈액원 프로모션,https://www.bloodinfo.net/knrcbs/pr/promtn/promtnInfoView.do?mi=1099&promtnSn=170100&result=L,2023.01.01,2023.12.31,부산,2023.01.08,47112
270,지역,2023년도 대구경북혈액원 프로모션,https://www.bloodinfo.net/knrcbs/pr/promtn/promtnInfoView.do?mi=1099&promtnSn=170099&result=L,2023.01.01,2023.12.31,대구경북,2023.01.08,39185
271,지역,2023년도 경남혈액원 프로모션,https://www.bloodinfo.net/knrcbs/pr/promtn/promtnInfoView.do?mi=1099&promtnSn=170098&result=L,2023.01.01,2023.12.31,경남,2023.01.08,27095
272,지역,2023년도 울산혈액원 프로모션,https://www.bloodinfo.net/knrcbs/pr/promtn/promtnInfoView.do?mi=1099&promtnSn=170097&result=L,2023.01.01,2023.12.31,울산,2023.01.08,20447
273,지역,2023년도 대전세종충남혈액원 프로모션,https://www.bloodinfo.net/knrcbs/pr/promtn/promtnInfoView.do?mi=1099&promtnSn=170096&result=L,2023.01.01,2023.12.31,대전세종충남,2023.01.08,31689
274,지역,2023년도 광주전남혈액원 프로모션,https://www.bloodinfo.net/knrcbs/pr/promtn/promtnInfoView.do?mi=1099&promtnSn=170095&result=L,2023.01.01,2023.12.31,광주전남,2023.01.08,25553
275,지역,2023년도 전북혈액원 프로모션,https://www.bloodinfo.net/knrcbs/pr/promtn/promtnInfoView.do?mi=1099&promtnSn=170094&result=L,2023.01.01,2023.12.31,전북,2023.01.08,16200
276,지역,2023년도 서울중앙혈액원 프로모션,https://www.bloodinfo.net/knrcbs/pr/promtn/promtnInfoView.do?mi=1099&promtnSn=170093&result=L,2023.01.01,2023.12.31,서울중앙,2023.01.08,56957
277,지역,2023년도 서울남부혈액원 프로모션,https://www.bloodinfo.net/knrcbs/pr/promtn/promtnInfoView.do?mi=1099&promtnSn=170092&result=L,2023.01.01,2023.12.31,서울남부,2023.01.08,47122
278,지역,2023년도 서울동부혈액원 프로모션,https://www.bloodinfo.net/knrcbs/pr/promtn/promtnInfoView.do?mi=1099&promtnSn=170091&result=L,2023.01.01,2023.12.31,서울동부,2023.01.08,53143
279,지역,2023년도 인천혈액원 프로모션,https://www.bloodinfo.net/knrcbs/pr/promtn/promtnInfoView.do?mi=1099&promtnSn=170090&result=L,2023.01.01,2023.12.31,인천,2023.01.08,18061
280,지역,2023년도 경기혈액원 프로모션,https://www.bloodinfo.net/knrcbs/pr/promtn/promtnInfoView.do?mi=1099&promtnSn=170089&result=L,2023.01.01,2023.12.31,경기,2023.01.08,47466
281,지역,2023년도 강원특별자치도혈액원 프로모션,https://www.bloodinfo.net/knrcbs/pr/promtn/promtnInfoView.do?mi=1099&promtnSn=170088&result=L,2023.01.01,2023.12.31,강원,2023.01.08,30408
282,지역,2023년도 제주혈액원 프로모션,https://www.bloodinfo.net/knrcbs/pr/promtn/promtnInfoView.do?mi=1099&promtnSn=170087&result=L,2023.01.01,2023.12.31,제주,2023.01.08,9137
283,ABO Friends,전국 ABO Friends를 위한 2023년 새해 프로모션,https://www.bloodinfo.net/knrcbs/pr/promtn/promtnInfoView.do?mi=1099&promtnSn=165457&result=L,2023.01.09,2023.02.19,혈액관리본부,2023.01.02,56776
284,전국,씨월드고속훼리 제주-목포구간 헌혈자 할인 프로모션,https://www.bloodinfo.net/knrcbs/pr/promtn/promtnInfoView.do?mi=1099&promtnSn=165425&result=L,2023.01.01,2023.12.31,제주,2022.12.29,90835
285,전국,"ABO Friends ""후기작성' 이벤트 ",https://www.bloodinfo.net/knrcbs/pr/promtn/promtnInfoView.do?mi=1099&promtnSn=165417&result=L,2022.12.26,2022.12.26,혈액관리본부,2022.12.28,2120
286,전국,2022년 연말 헌혈자 감사 프로모션,https://www.bloodinfo.net/knrcbs/pr/promtn/promtnInfoView.do?mi=1099&promtnSn=165377&result=L,2022.12.26,2022.12.31,혈액관리본부,2022.12.23,15467
287,ABO Friends,ABO Friends를 위한 철든선물,https://www.bloodinfo.net/knrcbs/pr/promtn/promtnInfoView.do?mi=1099&promtnSn=165337&result=L,2022.12.16,2022.12.25,혈액관리본부,2022.12.15,12124
288,지역,어른이들 선물은 레드크로스가 쏜다!,https://www.bloodinfo.net/knrcbs/pr/promtn/promtnInfoView.do?mi=1099&promtnSn=165299&result=L,2022.12.12,2022.12.25,서울중앙,2022.12.09,18369
289,ABO Friends,ABO Friends대상 12월 라섹 수술이벤트,https://www.bloodinfo.net/knrcbs/pr/promtn/promtnInfoView.do?mi=1099&promtnSn=165297&result=L,2022.12.09,2022.12.31,혈액관리본부,2022.12.09,7305
290,ABO Friends,미래헌혈자 철든선물,https://www.bloodinfo.net/knrcbs/pr/promtn/promtnInfoView.do?mi=1099&promtnSn=165257&result=L,2022.12.05,2022.12.18,혈액관리본부,2022.12.02,13865
291,전국,넥센타이어와 함께하는 겨울철 생명안전 프로모션,https://www.bloodinfo.net/knrcbs/pr/promtn/promtnInfoView.do?mi=1099&promtnSn=165219&result=L,2022.12.01,2023.01.31,혈액관리본부,2022.11.30,42295
292,지역,2022년 서울남부혈액원 크리스마스 프로모션,https://www.bloodinfo.net/knrcbs/pr/promtn/promtnInfoView.do?mi=1099&promtnSn=165217&result=L,2022.12.01,2022.12.25,서울남부,2022.11.30,19820
293,ABO Friends,대구경북/울산 ABO Friends 철든축제!,https://www.bloodinfo.net/knrcbs/pr/promtn/promtnInfoView.do?mi=1099&promtnSn=165177&result=L,2022.11.28,2022.12.06,"대구경북,울산",2022.11.25,7318
294,전국,2023학년도 대학수학능력시험 헌혈 프로모션,https://www.bloodinfo.net/knrcbs/pr/promtn/promtnInfoView.do?mi=1099&promtnSn=165137&result=L,2022.11.17,2022.11.27,혈액관리본부,2022.11.16,9167
295,ABO Friends,ABO Friends대상 11월 라섹 수술이벤트,https://www.bloodinfo.net/knrcbs/pr/promtn/promtnInfoView.do?mi=1099&promtnSn=165097&result=L,2022.11.09,2022.11.30,혈액관리본부,2022.11.09,6237
296,ABO Friends,hy(한국야쿠르트)와 함께하는 생명나눔 실천 캠페인,https://www.bloodinfo.net/knrcbs/pr/promtn/promtnInfoView.do?mi=1099&promtnSn=165057&result=L,2022.10.01,2022.12.31,혈액관리본부,2022.11.03,35921
297,전국,한국경제신문과 함께하는 헌혈 프로모션,https://www.bloodinfo.net/knrcbs/pr/promtn/promtnInfoView.do?mi=1099&promtnSn=165017&result=L,2022.11.01,2022.11.12,혈액관리본부,2022.10.31,14223
298,ABO Friends,충청권 ABO Friends 철든축제,https://www.bloodinfo.net/knrcbs/pr/promtn/promtnInfoView.do?mi=1099&promtnSn=164983&result=L,2022.10.27,2022.11.15,혈액관리본부,2022.10.25,11798
299,지역,부산혈액원 30대 이상 헌혈자  문화 EVENT!,https://www.bloodinfo.net/knrcbs/pr/promtn/promtnInfoView.do?mi=1099&promtnSn=164981&result=L,2022.10.25,2022.11.18,부산,2022.10.25,9703
300,지역,인천혈액원 중장년층 문화행사,https://www.bloodinfo.net/knrcbs/pr/promtn/promtnInfoView.do?mi=1099&promtnSn=164979&result=L,2022.10.24,2022.11.20,인천,2022.10.25,8927
301,전국,대한적십자 창립 117주년 기념 헌혈프로모션,https://www.bloodinfo.net/knrcbs/pr/promtn/promtnInfoView.do?mi=1099&promtnSn=164977&result=L,2022.10.24,2022.10.30,혈액관리본부,2022.10.24,16730
302,ABO Friends,ABO Friends 철든도서관,https://www.bloodinfo.net/knrcbs/pr/promtn/promtnInfoView.do?mi=1099&promtnSn=164943&result=L,2022.10.25,2022.11.22,혈액관리본부,2022.10.25,13981
303,지역,제주혈액원 중장년 문화이벤트,https://www.bloodinfo.net/knrcbs/pr/promtn/promtnInfoView.do?mi=1099&promtnSn=164939&result=L,2022.10.21,2022.11.30,제주,2022.10.21,6491
304,지역,광주전남혈액원 중장년 헌혈자 문화행사 프로모션,https://www.bloodinfo.net/knrcbs/pr/promtn/promtnInfoView.do?mi=1099&promtnSn=164937&result=L,2022.10.21,2022.12.07,광주전남,2022.10.21,7210
305,지역,레드커넥트 예약헌혈 프로모션,https://www.bloodinfo.net/knrcbs/pr/promtn/promtnInfoView.do?mi=1099&promtnSn=164897&result=L,2022.10.01,2022.12.31,강원,2022.10.18,20742
306,ABO Friends,박세리 토크콘서트 서울/경기/인천 ABO Friends,https://www.bloodinfo.net/knrcbs/pr/promtn/promtnInfoView.do?mi=1099&promtnSn=164857&result=L,2022.10.17,2022.11.01,혈액관리본부,2022.10.14,8233
307,전국,2022년 경찰/소방의 날 헌혈 프로모션,https://www.bloodinfo.net/knrcbs/pr/promtn/promtnInfoView.do?mi=1099&promtnSn=164819&result=L,2022.10.17,2022.11.11,혈액관리본부,2022.10.15,18142
308,ABO Friends,ABO Friends대상 10월 라섹 수술이벤트,https://www.bloodinfo.net/knrcbs/pr/promtn/promtnInfoView.do?mi=1099&promtnSn=164817&result=L,2022.10.12,2022.10.31,혈액관리본부,2022.10.12,4696
309,ABO Friends,제주 ABO Friends를 위한 ABO 베이킹파티!,https://www.bloodinfo.net/knrcbs/pr/promtn/promtnInfoView.do?mi=1099&promtnSn=164781&result=L,2022.10.06,2022.10.30,제주,2022.10.05,5438
310,지역,30대 이상 헌혈자 문화 EVENT! 영화보고 홈파티 즐기자! 2차,https://www.bloodinfo.net/knrcbs/pr/promtn/promtnInfoView.do?mi=1099&promtnSn=164737&result=L,2022.10.24,2022.12.11,전북,2022.10.02,11914
311,ABO Friends,ABO 철든여행 부산/경남 ABO Friends,https://www.bloodinfo.net/knrcbs/pr/promtn/promtnInfoView.do?mi=1099&promtnSn=164697&result=L,2022.10.04,2022.10.18,혈액관리본부,2022.09.30,6764
312,ABO Friends,ABO 철든축제,https://www.bloodinfo.net/knrcbs/pr/promtn/promtnInfoView.do?mi=1099&promtnSn=164657&result=L,2022.09.29,2022.10.11,혈액관리본부,2022.09.27,8021
313,지역,3060 헌혈프로모션 (2차),https://www.bloodinfo.net/knrcbs/pr/promtn/promtnInfoView.do?mi=1099&promtnSn=164617&result=L,2022.10.04,2022.10.23,서울중앙,2022.09.26,18381
314,지역,대구경북혈액원 중장년층 헌혈자 문화행사,https://www.bloodinfo.net/knrcbs/pr/promtn/promtnInfoView.do?mi=1099&promtnSn=164577&result=L,2022.09.26,2022.11.27,대구경북,2022.09.22,26095
315,지역,레드커넥트 어플로 예약하고 외식하자!,https://www.bloodinfo.net/knrcbs/pr/promtn/promtnInfoView.do?mi=1099&promtnSn=164537&result=L,2022.09.19,2022.12.18,전북,2022.09.19,20320
316,전국,청년의날 헌혈 프로모션,https://www.bloodinfo.net/knrcbs/pr/promtn/promtnInfoView.do?mi=1099&promtnSn=164497&result=L,2022.09.14,2022.09.18,혈액관리본부,2022.09.14,8644
317,지역,경기혈액원 중장년 문화행사 서울스카이 겨울풀코스,https://www.bloodinfo.net/knrcbs/pr/promtn/promtnInfoView.do?mi=1099&promtnSn=164457&result=L,2022.09.21,2022.11.13,경기,2022.09.13,15754
318,지역,3060 헌혈프로모션,https://www.bloodinfo.net/knrcbs/pr/promtn/promtnInfoView.do?mi=1099&promtnSn=164425&result=L,2022.09.13,2022.10.03,서울중앙,2022.09.08,15901
319,ABO Friends,ABO Friends대상 9월 라섹 수술이벤트,https://www.bloodinfo.net/knrcbs/pr/promtn/promtnInfoView.do?mi=1099&promtnSn=164423&result=L,2022.09.09,2022.09.30,혈액관리본부,2022.09.08,5585
320,지역,2022 레드커넥트 헌혈예약 챌린지,https://www.bloodinfo.net/knrcbs/pr/promtn/promtnInfoView.do?mi=1099&promtnSn=164421&result=L,2022.08.12,2022.12.31,부산,2022.09.08,23997
321,지역,헌혈한 당신을 위한 특별한 하루,https://www.bloodinfo.net/knrcbs/pr/promtn/promtnInfoView.do?mi=1099&promtnSn=164417&result=L,2022.09.13,2022.11.13,서울남부,2022.09.07,22203
322,지역,헌혈하고? 문화행사 즐기자!,https://www.bloodinfo.net/knrcbs/pr/promtn/promtnInfoView.do?mi=1099&promtnSn=164379&result=L,2022.09.01,2022.11.09,강원,2022.09.01,16838
323,지역,인천시와 함께하는 중장년층 생애 첫 헌혈 프로모션,https://www.bloodinfo.net/knrcbs/pr/promtn/promtnInfoView.do?mi=1099&promtnSn=164377&result=L,2022.09.01,2022.12.31,인천,2022.09.01,5599
324,지역,서울동부혈액원 중장년 문화행사 (11월:롯데월드),https://www.bloodinfo.net/knrcbs/pr/promtn/promtnInfoView.do?mi=1099&promtnSn=164341&result=L,2022.11.01,2022.11.30,서울동부,2022.08.31,7020
325,지역,서울동부혈액원 중장년 문화행사 (10월:템플스테이),https://www.bloodinfo.net/knrcbs/pr/promtn/promtnInfoView.do?mi=1099&promtnSn=164339&result=L,2022.10.01,2022.10.31,서울동부,2022.08.31,4939
326,지역,서울동부혈액원 중장년 문화행사 (9월:한강 디너크루즈),https://www.bloodinfo.net/knrcbs/pr/promtn/promtnInfoView.do?mi=1099&promtnSn=164337&result=L,2022.09.01,2022.09.30,서울동부,2022.08.31,12454
327,지역,경기혈액원 ABO Friends 예약헌혈 도장추가,https://www.bloodinfo.net/knrcbs/pr/promtn/promtnInfoView.do?mi=1099&promtnSn=164297&result=L,2022.08.08,2022.12.31,경기,2022.08.29,18371
328,지역,2022년 헌혈 가족 가을밤 작은 음악회,https://www.bloodinfo.net/knrcbs/pr/promtn/promtnInfoView.do?mi=1099&promtnSn=164259&result=L,2022.09.01,2022.09.30,충북,2022.08.26,14870
329,지역,중장년 힐링UP! 헌혈 문화 EVENT,https://www.bloodinfo.net/knrcbs/pr/promtn/promtnInfoView.do?mi=1099&promtnSn=164257&result=L,2022.09.01,2022.11.13,울산,2022.08.25,7019
330,지역,30대 이상 헌혈자 문화 EVENT! 영화보고 홈파티 즐기자!,https://www.bloodinfo.net/knrcbs/pr/promtn/promtnInfoView.do?mi=1099&promtnSn=164219&result=L,2022.09.12,2022.10.23,전북,2022.08.24,15492
331,ABO Friends,정호영 셰프와 함께하는 온택트 만찬 ABO푸드페스티벌,https://www.bloodinfo.net/knrcbs/pr/promtn/promtnInfoView.do?mi=1099&promtnSn=164217&result=L,2022.08.29,2022.10.31,혈액관리본부,2022.08.24,28834
332,지역,경남혈액원 헌혈자 도서 증정 문화 EVENT,https://www.bloodinfo.net/knrcbs/pr/promtn/promtnInfoView.do?mi=1099&promtnSn=164177&result=L,2022.08.23,2022.09.25,경남,2022.08.22,18006
333,지역,중장년 헌혈자님 함께 떠나 볼까요,https://www.bloodinfo.net/knrcbs/pr/promtn/promtnInfoView.do?mi=1099&promtnSn=164137&result=L,2022.08.18,2022.11.13,대전세종충남,2022.08.18,29538
334,지역,꽃중년 꽃보다 헌혈,https://www.bloodinfo.net/knrcbs/pr/promtn/promtnInfoView.do?mi=1099&promtnSn=164097&result=L,2022.08.01,2022.08.31,서울중앙,2022.08.17,7352
335,ABO Friends,생명나눔 실천 캠페인,https://www.bloodinfo.net/knrcbs/pr/promtn/promtnInfoView.do?mi=1099&promtnSn=164067&result=L,2022.08.12,2022.09.30,혈액관리본부,2022.08.12,28647
336,ABO Friends,다회헌혈 ABO Friends 한정판 블록,https://www.bloodinfo.net/knrcbs/pr/promtn/promtnInfoView.do?mi=1099&promtnSn=164065&result=L,2022.08.16,2022.11.13,혈액관리본부,2022.08.12,53517
337,ABO Friends,중장년 회원 한정판 블록,https://www.bloodinfo.net/knrcbs/pr/promtn/promtnInfoView.do?mi=1099&promtnSn=164063&result=L,2022.08.16,2022.11.13,혈액관리본부,2022.08.12,34975
338,ABO Friends,생애첫헌혈자 한정판 블록,https://www.bloodinfo.net/knrcbs/pr/promtn/promtnInfoView.do?mi=1099&promtnSn=164061&result=L,2022.08.16,2022.11.13,혈액관리본부,2022.08.12,11987
339,ABO Friends,신규 ABO Friends 모여라!,https://www.bloodinfo.net/knrcbs/pr/promtn/promtnInfoView.do?mi=1099&promtnSn=164059&result=L,2022.08.16,2022.11.06,혈액관리본부,2022.08.12,15354
340,지역,레드커넥트 헌혈앱 예약 프로모션,https://www.bloodinfo.net/knrcbs/pr/promtn/promtnInfoView.do?mi=1099&promtnSn=164057&result=L,2022.08.11,2022.09.30,충북,2022.08.11,8864
341,ABO Friends,ABO Friends대상 8월 라섹 수술이벤트,https://www.bloodinfo.net/knrcbs/pr/promtn/promtnInfoView.do?mi=1099&promtnSn=164017&result=L,2022.08.10,2022.08.31,혈액관리본부,2022.08.09,4551
342,전국,헌혈홍보대사 홍자와 함께하는 문화이벤트,https://www.bloodinfo.net/knrcbs/pr/promtn/promtnInfoView.do?mi=1099&promtnSn=163977&result=L,2022.08.08,2022.08.26,혈액관리본부,2022.08.08,13022
343,전국,헌혈홍보대사 STAYC 포스터 제작 기념 이벤트,https://www.bloodinfo.net/knrcbs/pr/promtn/promtnInfoView.do?mi=1099&promtnSn=163937&result=L,2022.08.01,2022.08.19,혈액관리본부,2022.08.01,21209
344,전국,넥센타이어와 함께하는 생명안전 프로모션,https://www.bloodinfo.net/knrcbs/pr/promtn/promtnInfoView.do?mi=1099&promtnSn=163897&result=L,2022.08.01,2022.09.30,혈액관리본부,2022.07.27,31241
345,전국,손에손에 뮤직페스타 IN 서울·부산,https://www.bloodinfo.net/knrcbs/pr/promtn/promtnInfoView.do?mi=1099&promtnSn=163859&result=L,2022.07.15,2022.08.06,혈액관리본부,2022.07.15,11266
346,전국,헌혈 러브앤썸머,https://www.bloodinfo.net/knrcbs/pr/promtn/promtnInfoView.do?mi=1099&promtnSn=163857&result=L,2022.07.15,2022.07.26,혈액관리본부,2022.07.15,28078
347,ABO Friends,ABO Runner,https://www.bloodinfo.net/knrcbs/pr/promtn/promtnInfoView.do?mi=1099&promtnSn=163817&result=L,2022.07.21,2022.08.21,혈액관리본부,2022.07.14,15860
348,ABO Friends,ABO Friends대상 7월 라섹 수술이벤트,https://www.bloodinfo.net/knrcbs/pr/promtn/promtnInfoView.do?mi=1099&promtnSn=163777&result=L,2022.07.08,2022.07.31,혈액관리본부,2022.07.08,5820
349,ABO Friends,중장년 ABO Friends 모여라!,https://www.bloodinfo.net/knrcbs/pr/promtn/promtnInfoView.do?mi=1099&promtnSn=163739&result=L,2022.07.11,2022.11.20,혈액관리본부,2022.07.07,51736
350,ABO Friends,나눔히어로즈 모여라!,https://www.bloodinfo.net/knrcbs/pr/promtn/promtnInfoView.do?mi=1099&promtnSn=163737&result=L,2022.07.11,2022.11.20,혈액관리본부,2022.07.07,34089
351,ABO Friends,다시 돌아온 휴면 ABO Friends 축하해요!,https://www.bloodinfo.net/knrcbs/pr/promtn/promtnInfoView.do?mi=1099&promtnSn=163697&result=L,2022.07.04,2022.11.30,혈액관리본부,2022.07.04,33395
352,지역,레드커넥트로 생명나눔 실천을 함께 해요,https://www.bloodinfo.net/knrcbs/pr/promtn/promtnInfoView.do?mi=1099&promtnSn=163657&result=L,2022.07.01,2022.12.31,대구경북,2022.07.01,22910
353,전국,대상그룹과 함께하는 전국민 동참 헌혈캠페인 레드챌린지,https://www.bloodinfo.net/knrcbs/pr/promtn/promtnInfoView.do?mi=1099&promtnSn=163619&result=L,2022.07.01,2022.07.31,혈액관리본부,2022.06.30,55488
354,지역,인천혈액원 예약헌혈 프로모션,https://www.bloodinfo.net/knrcbs/pr/promtn/promtnInfoView.do?mi=1099&promtnSn=163617&result=L,2022.07.01,2022.11.30,인천,2022.06.30,37150
355,ABO Friends,ABO 서핑 파티,https://www.bloodinfo.net/knrcbs/pr/promtn/promtnInfoView.do?mi=1099&promtnSn=163577&result=L,2022.07.04,2022.08.08,혈액관리본부,2022.06.29,15973
356,ABO Friends,철든도서관,https://www.bloodinfo.net/knrcbs/pr/promtn/promtnInfoView.do?mi=1099&promtnSn=163537&result=L,2022.06.22,2022.08.21,혈액관리본부,2022.06.20,27413
357,ABO Friends,ABO Friends대상 6월 라섹 수술이벤트,https://www.bloodinfo.net/knrcbs/pr/promtn/promtnInfoView.do?mi=1099&promtnSn=163497&result=L,2022.06.10,2022.06.30,혈액관리본부,2022.06.08,7756
358,전국,헌혈홍보대사 차서원과 함께하는 문화이벤트,https://www.bloodinfo.net/knrcbs/pr/promtn/promtnInfoView.do?mi=1099&promtnSn=163457&result=L,2022.06.02,2022.06.14,혈액관리본부,2022.06.02,18996
359,지역,2022년 헌혈자의 날(6.14) “함께해요!”,https://www.bloodinfo.net/knrcbs/pr/promtn/promtnInfoView.do?mi=1099&promtnSn=163419&result=L,2022.05.31,2022.06.30,서울중앙,2022.05.27,28572
360,지역,헌혈하는 당신에게 지금쏜닭,https://www.bloodinfo.net/knrcbs/pr/promtn/promtnInfoView.do?mi=1099&promtnSn=163417&result=L,2022.06.01,2022.06.30,경기,2022.05.27,31614
361,지역,가족과 함께하는 중장년헌혈자 프로모션,https://www.bloodinfo.net/knrcbs/pr/promtn/promtnInfoView.do?mi=1099&promtnSn=163379&result=L,2022.05.27,2022.06.20,제주,2022.05.26,7043
362,지역,2차 중장년층 헌혈자와 함께하는 프로야구 관람 이벤트,https://www.bloodinfo.net/knrcbs/pr/promtn/promtnInfoView.do?mi=1099&promtnSn=163377&result=L,2022.05.09,2022.06.06,대구경북,2022.05.25,8025
363,지역,헌혈자의 날(6.14) 기념행사 및 영화 관람,https://www.bloodinfo.net/knrcbs/pr/promtn/promtnInfoView.do?mi=1099&promtnSn=163341&result=L,2022.05.23,2022.06.14,충북,2022.05.19,14284
364,지역,헌혈자의 날(6.14) 국가 기념일 지정 문화이벤트,https://www.bloodinfo.net/knrcbs/pr/promtn/promtnInfoView.do?mi=1099&promtnSn=163339&result=L,2022.05.19,2022.06.30,울산,2022.05.19,13172
365,지역,헌혈자를 초대합니다,https://www.bloodinfo.net/knrcbs/pr/promtn/promtnInfoView.do?mi=1099&promtnSn=163337&result=L,2022.05.18,2022.06.02,광주전남,2022.05.17,6432
366,지역,생명으로 이어지는 레드커넥트로 예약 헌혈 동참해요(4차: 12.25 크리스마스 기념),https://www.bloodinfo.net/knrcbs/pr/promtn/promtnInfoView.do?mi=1099&promtnSn=163303&result=L,2022.10.01,2022.12.13,대전세종충남,2022.05.13,12710
367,지역,생명으로 이어지는 레드커넥트로 예약 헌혈 동참해요(3차: 10.09 한글날 기념),https://www.bloodinfo.net/knrcbs/pr/promtn/promtnInfoView.do?mi=1099&promtnSn=163301&result=L,2022.08.01,2022.09.30,대전세종충남,2022.05.13,15878
368,지역,생명으로 이어지는 레드커넥트로 예약 헌혈 동참해요(2차: 8.15 광복절 기념),https://www.bloodinfo.net/knrcbs/pr/promtn/promtnInfoView.do?mi=1099&promtnSn=163299&result=L,2022.06.01,2022.07.31,대전세종충남,2022.05.13,16940
369,지역,생명으로 이어지는 레드커넥트로 예약 헌혈 동참해요(1차: 6.14 헌혈자의 날 기념),https://www.bloodinfo.net/knrcbs/pr/promtn/promtnInfoView.do?mi=1099&promtnSn=163297&result=L,2022.05.13,2022.05.31,대전세종충남,2022.05.13,20400
370,지역,충청남도 중장년! 헌혈하고 선물 받자! Again!,https://www.bloodinfo.net/knrcbs/pr/promtn/promtnInfoView.do?mi=1099&promtnSn=163261&result=L,2022.05.13,2022.12.13,대전세종충남,2022.05.12,34660
371,지역,6.14 헌혈자의 날 기념 전북현대모터스 홈경기 관람 이벤트,https://www.bloodinfo.net/knrcbs/pr/promtn/promtnInfoView.do?mi=1099&promtnSn=163259&result=L,2022.05.20,2022.06.14,전북,2022.05.12,14159
372,지역,서울동부혈액원 헌혈자의날 축제 “육일사 투게더” ,https://www.bloodinfo.net/knrcbs/pr/promtn/promtnInfoView.do?mi=1099&promtnSn=163257&result=L,2022.05.13,2022.06.14,서울동부,2022.05.11,42154
373,지역,1차 중장년층 헌혈자와 함께하는 프로야구 관람 이벤트,https://www.bloodinfo.net/knrcbs/pr/promtn/promtnInfoView.do?mi=1099&promtnSn=163217&result=L,2022.05.09,2022.05.25,대구경북,2022.05.06,5434
374,ABO Friends,ABO Friends대상 5월 라식 수술이벤트,https://www.bloodinfo.net/knrcbs/pr/promtn/promtnInfoView.do?mi=1099&promtnSn=163177&result=L,2022.05.04,2022.05.31,혈액관리본부,2022.05.03,8068
375,지역,헌혈하고 대청호로 드라이브 갈까,https://www.bloodinfo.net/knrcbs/pr/promtn/promtnInfoView.do?mi=1099&promtnSn=163137&result=L,2022.04.29,2022.05.22,충북,2022.04.28,7215
376,지역,31일간의 사랑나눔캠페인,https://www.bloodinfo.net/knrcbs/pr/promtn/promtnInfoView.do?mi=1099&promtnSn=163099&result=L,2022.04.20,2022.05.20,경남,2022.04.20,15029
377,전국,4월에서 5월까지 대국민 헌혈캠페인,https://www.bloodinfo.net/knrcbs/pr/promtn/promtnInfoView.do?mi=1099&promtnSn=163097&result=L,2022.04.19,2022.05.18,혈액관리본부,2022.04.18,145129
378,전국,봄맞이 레드커넥트 예약 헌혈 프로모션,https://www.bloodinfo.net/knrcbs/pr/promtn/promtnInfoView.do?mi=1099&promtnSn=163057&result=L,2022.04.15,2022.05.15,혈액관리본부,2022.04.11,58338
379,ABO Friends,ABO Friends대상 4월 라식 수술이벤트,https://www.bloodinfo.net/knrcbs/pr/promtn/promtnInfoView.do?mi=1099&promtnSn=163017&result=L,2022.04.06,2022.04.30,혈액관리본부,2022.04.05,7490
380,지역,세계 헌혈자의 날 기념 이벤트,https://www.bloodinfo.net/knrcbs/pr/promtn/promtnInfoView.do?mi=1099&promtnSn=162981&result=L,2022.04.01,2022.06.10,부산,2022.03.28,32708
381,전국,2022 혈액원별 프로모션(부산/대구경북/경남/울산),https://www.bloodinfo.net/knrcbs/pr/promtn/promtnInfoView.do?mi=1099&promtnSn=162945&result=L,2022.01.01,2022.12.31,혈액관리본부,2022.03.28,94510
382,전국,2022 혈액원별 프로모션(대전세종충남/충북/전북/광주전남),https://www.bloodinfo.net/knrcbs/pr/promtn/promtnInfoView.do?mi=1099&promtnSn=162943&result=L,2022.01.01,2022.12.31,혈액관리본부,2022.03.28,54019
383,전국,2022 혈액원별 프로모션(서울/경기/인천/강원/제주),https://www.bloodinfo.net/knrcbs/pr/promtn/promtnInfoView.do?mi=1099&promtnSn=162941&result=L,2022.01.01,2022.12.31,혈액관리본부,2022.03.16,164664
384,지역,봄에는 헌혈,https://www.bloodinfo.net/knrcbs/pr/promtn/promtnInfoView.do?mi=1099&promtnSn=162897&result=L,2022.03.14,2022.04.14,서울남부,2022.03.11,21354
385,ABO Friends,ABO Friends대상 3월 라식 수술이벤트,https://www.bloodinfo.net/knrcbs/pr/promtn/promtnInfoView.do?mi=1099&promtnSn=162857&result=L,2022.03.09,2022.03.31,혈액관리본부,2022.03.08,7156
386,전국,넥센타이어와 함께하는 봄맞이 생명안전 프로모션,https://www.bloodinfo.net/knrcbs/pr/promtn/promtnInfoView.do?mi=1099&promtnSn=162817&result=L,2022.03.07,2022.04.30,혈액관리본부,2022.03.04,31832
387,지역,3·1운동 헌혈운동,https://www.bloodinfo.net/knrcbs/pr/promtn/promtnInfoView.do?mi=1099&promtnSn=162777&result=L,2022.03.01,2022.03.31,서울남부,2022.02.28,19558
388,지역,"새로운 시작은 헌혈과 함께, FILA와 함께!",https://www.bloodinfo.net/knrcbs/pr/promtn/promtnInfoView.do?mi=1099&promtnSn=162749&result=L,2022.02.28,2022.04.30,서울동부,2022.02.23,45819
389,ABO Friends,ABO Friends대상 2월 라식 수술이벤트,https://www.bloodinfo.net/knrcbs/pr/promtn/promtnInfoView.do?mi=1099&promtnSn=162697&result=L,2022.02.08,2022.02.28,혈액관리본부,2022.02.08,8818
390,지역,서울남부혈액원에서 헌혈하고 호랑이 기운 받아가세요,https://www.bloodinfo.net/knrcbs/pr/promtn/promtnInfoView.do?mi=1099&promtnSn=162657&result=L,2022.01.27,2022.02.06,서울남부,2022.01.28,5658
391,ABO Friends,ABO Friends 2022 새해 첫 헌혈새해 프로모션!,https://www.bloodinfo.net/knrcbs/pr/promtn/promtnInfoView.do?mi=1099&promtnSn=162617&result=L,2022.01.01,2022.02.10,혈액관리본부,2022.01.19,25261
392,ABO Friends,ABO Friends대상 1월 라식 수술이벤트,https://www.bloodinfo.net/knrcbs/pr/promtn/promtnInfoView.do?mi=1099&promtnSn=162537&result=L,2022.01.07,2022.01.31,혈액관리본부,2022.01.07,8583
393,지역,새해맞이 내지갑속선물 이벤트,https://www.bloodinfo.net/knrcbs/pr/promtn/promtnInfoView.do?mi=1099&promtnSn=162505&result=L,2022.01.03,2022.01.23,서울남부,2021.12.31,23069
394,전국,헌혈자를 위한 가치나눔 프로젝트,https://www.bloodinfo.net/knrcbs/pr/promtn/promtnInfoView.do?mi=1099&promtnSn=162497&result=L,2022.01.01,2022.12.31,제주,2021.12.30,68275
395,전국,"생명을 살리는 라이프스타일, I’M BLOODONOR",https://www.bloodinfo.net/knrcbs/pr/promtn/promtnInfoView.do?mi=1099&promtnSn=162459&result=L,2021.12.27,2022.01.31,혈액관리본부,2021.12.21,36283
396,ABO Friends,ABO Friends 2022 새해 프로모션!,https://www.bloodinfo.net/knrcbs/pr/promtn/promtnInfoView.do?mi=1099&promtnSn=162457&result=L,2021.12.21,2021.12.27,혈액관리본부,2021.12.20,13672
397,전국,"SOVAC 헌혈참여 댓글 이벤트 GIVE BLOOD, 기부 PLUS+",https://www.bloodinfo.net/knrcbs/pr/promtn/promtnInfoView.do?mi=1099&promtnSn=162417&result=L,2021.12.17,2022.01.31,혈액관리본부,2021.12.17,33720
398,지역,헌혈하고 집에서 즐기는 '낭만 홈캠핑',https://www.bloodinfo.net/knrcbs/pr/promtn/promtnInfoView.do?mi=1099&promtnSn=162377&result=L,2021.12.14,2022.01.14,서울중앙,2021.12.14,39260
399,ABO Friends,ABO Friends대상12월 라식 수술이벤트,https://www.bloodinfo.net/knrcbs/pr/promtn/promtnInfoView.do?mi=1099&promtnSn=162343&result=L,2021.12.01,2021.12.31,혈액관리본부,2021.12.07,9041
400,전국,부산혈액원과 BUSAN X the SKY가 함께하는 헌혈자 감사이벤트,https://www.bloodinfo.net/knrcbs/pr/promtn/promtnInfoView.do?mi=1099&promtnSn=162341&result=L,2021.12.01,2022.12.31,부산,2021.12.07,28631
401,ABO Friends,2021 <철든도서관> 12월 한정판 팝업북!,https://www.bloodinfo.net/knrcbs/pr/promtn/promtnInfoView.do?mi=1099&promtnSn=162339&result=L,2021.12.07,2021.12.14,혈액관리본부,2021.12.07,10279
402,ABO Friends,ABO Friends 철든 겨울축제,https://www.bloodinfo.net/knrcbs/pr/promtn/promtnInfoView.do?mi=1099&promtnSn=162337&result=L,2021.12.06,2021.12.12,혈액관리본부,2021.12.06,10950
403,지역,2021년 서울남부혈액원 크리스마스 이벤트,https://www.bloodinfo.net/knrcbs/pr/promtn/promtnInfoView.do?mi=1099&promtnSn=162297&result=L,2021.12.01,2021.12.19,서울남부,2021.11.30,18975
404,전국,혈액관리본부 3관왕 이벤트,https://www.bloodinfo.net/knrcbs/pr/promtn/promtnInfoView.do?mi=1099&promtnSn=162257&result=L,2021.11.23,2021.12.25,혈액관리본부,2021.11.23,151072
405,지역,2021 헌혈은 컨택트! 영화는 언택트!!,https://www.bloodinfo.net/knrcbs/pr/promtn/promtnInfoView.do?mi=1099&promtnSn=162217&result=L,2021.11.19,2021.12.12,제주,2021.11.19,10996
406,지역,한국도로공사와 함께하는 등록헌혈자 프로모션!,https://www.bloodinfo.net/knrcbs/pr/promtn/promtnInfoView.do?mi=1099&promtnSn=162177&result=L,2021.11.16,2021.12.31,대구경북,2021.11.16,25213
407,지역,중장년 힐링UP! 헌혈 문화 EVENT,https://www.bloodinfo.net/knrcbs/pr/promtn/promtnInfoView.do?mi=1099&promtnSn=162137&result=L,2021.11.15,2021.12.05,울산,2021.11.15,11722
408,지역,1020 헌혈자를 위한 달콤한 크리스마스,https://www.bloodinfo.net/knrcbs/pr/promtn/promtnInfoView.do?mi=1099&promtnSn=162099&result=L,2021.11.12,2021.12.12,서울동부,2021.11.12,20304
409,지역,2021년 중장년 헌혈자를 위한 서울중앙혈액원 헌혈문화이벤트,https://www.bloodinfo.net/knrcbs/pr/promtn/promtnInfoView.do?mi=1099&promtnSn=162097&result=L,2021.11.12,2021.11.28,서울중앙,2021.11.12,12000
410,전국,넥센타이어와 함께하는 연말맞이 생명안전 프로모션,https://www.bloodinfo.net/knrcbs/pr/promtn/promtnInfoView.do?mi=1099&promtnSn=162057&result=L,2021.11.08,2021.12.31,혈액관리본부,2021.11.08,33422
411,지역,중장년층 문화 이벤트,https://www.bloodinfo.net/knrcbs/pr/promtn/promtnInfoView.do?mi=1099&promtnSn=162017&result=L,2021.11.01,2021.11.30,강원,2021.11.05,5572
412,전국,헌혈유공패 및 헌혈배지 디자인 공모전 대국민 투표,https://www.bloodinfo.net/knrcbs/pr/promtn/promtnInfoView.do?mi=1099&promtnSn=161983&result=L,2021.11.01,2021.11.14,혈액관리본부,2021.11.04,20995
413,ABO Friends,11월 라식수술 이벤트,https://www.bloodinfo.net/knrcbs/pr/promtn/promtnInfoView.do?mi=1099&promtnSn=161981&result=L,2021.11.04,2021.11.30,혈액관리본부,2021.11.04,7567
414,전국,제16회 부산국제매직페스티벌과 함께하는 헌혈자 감사 이벤트,https://www.bloodinfo.net/knrcbs/pr/promtn/promtnInfoView.do?mi=1099&promtnSn=161937&result=L,2021.11.01,2021.11.14,부산,2021.11.01,5707
415,지역,전북혈액원과 함께하는 가죽공예 원데이클래스 문화EVENT,https://www.bloodinfo.net/knrcbs/pr/promtn/promtnInfoView.do?mi=1099&promtnSn=161905&result=L,2021.11.03,2021.11.21,전북,2021.11.03,3791
416,전국,레드커넥트 사용자 100만 달성 기념 프로모션,https://www.bloodinfo.net/knrcbs/pr/promtn/promtnInfoView.do?mi=1099&promtnSn=161903&result=L,2021.11.01,2021.11.30,혈액관리본부,2021.10.29,907642
417,지역,서울남부혈액원 30~60대 헌혈자를 응원합니다!,https://www.bloodinfo.net/knrcbs/pr/promtn/promtnInfoView.do?mi=1099&promtnSn=161901&result=L,2021.11.01,2021.11.30,서울남부,2021.10.29,15181
418,ABO Friends,<철든여행> 대전세종충남 & 충북 ABO Friends 여행 프로모션,https://www.bloodinfo.net/knrcbs/pr/promtn/promtnInfoView.do?mi=1099&promtnSn=161899&result=L,2021.10.29,2021.11.28,대전세종충남,2021.10.29,7037
419,ABO Friends,<철든여행> 광주전남 & 전북 ABO Friends 여행 프로모션,https://www.bloodinfo.net/knrcbs/pr/promtn/promtnInfoView.do?mi=1099&promtnSn=161897&result=L,2021.10.29,2021.11.28,광주전남,2021.10.29,5419
420,ABO Friends,<철든여행> 부산 & 경남 ABO Friends 여행 프로모션,https://www.bloodinfo.net/knrcbs/pr/promtn/promtnInfoView.do?mi=1099&promtnSn=161859&result=L,2021.10.26,2021.11.21,부산,2021.10.26,5842
421,ABO Friends,<철든여행> 대구경북 & 울산 ABO Friends 여행 프로모션,https://www.bloodinfo.net/knrcbs/pr/promtn/promtnInfoView.do?mi=1099&promtnSn=161857&result=L,2021.10.26,2021.11.21,대구경북,2021.10.26,5704
422,ABO Friends,헌혈가족의 건강을 생각하는! 철분 가득 !,https://www.bloodinfo.net/knrcbs/pr/promtn/promtnInfoView.do?mi=1099&promtnSn=161817&result=L,2021.10.22,2021.11.14,제주,2021.10.22,8743
423,지역,중장년층과 함께하는 연말 문화행사 프로모션,https://www.bloodinfo.net/knrcbs/pr/promtn/promtnInfoView.do?mi=1099&promtnSn=161779&result=L,2021.10.21,2021.12.08,대구경북,2021.10.21,13065
424,지역,Thanks! 헌혈자를 위해 산타가 쏜다!!!,https://www.bloodinfo.net/knrcbs/pr/promtn/promtnInfoView.do?mi=1099&promtnSn=161777&result=L,2021.10.18,2021.11.30,경기,2021.10.20,23294
425,지역,광주전남혈액원 30 ~ 60대 헌혈자를 응원합니다!,https://www.bloodinfo.net/knrcbs/pr/promtn/promtnInfoView.do?mi=1099&promtnSn=161741&result=L,2021.10.15,2021.11.14,광주전남,2021.10.15,6139
426,지역,"생명을 살린 당신, 함께해요 문화 축제",https://www.bloodinfo.net/knrcbs/pr/promtn/promtnInfoView.do?mi=1099&promtnSn=161739&result=L,2021.10.15,2021.12.08,대전세종충남,2021.10.15,16375
427,지역,3060 헌혈자를 위한 환상의 서울데이트,https://www.bloodinfo.net/knrcbs/pr/promtn/promtnInfoView.do?mi=1099&promtnSn=161737&result=L,2021.10.18,2021.11.14,서울동부,2021.10.18,30165
428,지역,중장년 힐링UP! 헌혈 문화 EVENT,https://www.bloodinfo.net/knrcbs/pr/promtn/promtnInfoView.do?mi=1099&promtnSn=161697&result=L,2021.10.14,2021.11.08,경남,2021.10.14,18714
429,지역,다회헌혈자를 위한 2021 헌혈 프로모션,https://www.bloodinfo.net/knrcbs/pr/promtn/promtnInfoView.do?mi=1099&promtnSn=161657&result=L,2021.10.12,2021.11.30,경기,2021.10.12,20547
430,ABO Friends,ABO Friends대상 10월 라식 수술이벤트,https://www.bloodinfo.net/knrcbs/pr/promtn/promtnInfoView.do?mi=1099&promtnSn=161621&result=L,2021.10.07,2021.10.31,혈액관리본부,2021.10.08,6494
431,ABO Friends,2021 <철든도서관> 10월 프로모션,https://www.bloodinfo.net/knrcbs/pr/promtn/promtnInfoView.do?mi=1099&promtnSn=161619&result=L,2021.10.07,2021.11.30,혈액관리본부,2021.10.07,19143
432,지역,2021년 충북혈액원 중장년층대상 문화이벤트,https://www.bloodinfo.net/knrcbs/pr/promtn/promtnInfoView.do?mi=1099&promtnSn=161617&result=L,2021.10.08,2021.11.05,충북,2021.10.07,7525
433,ABO Friends,휴면 ABO Friends 철든친구들 모여라!,https://www.bloodinfo.net/knrcbs/pr/promtn/promtnInfoView.do?mi=1099&promtnSn=161579&result=L,2021.09.29,2021.12.12,혈액관리본부,2021.09.29,22725
434,ABO Friends,신규 ABO Friends 슬기로운 헌혈생활!,https://www.bloodinfo.net/knrcbs/pr/promtn/promtnInfoView.do?mi=1099&promtnSn=161577&result=L,2021.09.29,2021.11.14,혈액관리본부,2021.09.29,13575
435,ABO Friends,중장년 ABO Friends의 슬기로운 헌혈생활!,https://www.bloodinfo.net/knrcbs/pr/promtn/promtnInfoView.do?mi=1099&promtnSn=161547&result=L,2021.09.24,2021.11.15,혈액관리본부,2021.09.24,24008
436,ABO Friends,다회 ABO Friends 철든친구들 모여라!,https://www.bloodinfo.net/knrcbs/pr/promtn/promtnInfoView.do?mi=1099&promtnSn=161543&result=L,2021.09.29,2021.11.21,혈액관리본부,2021.09.24,156834
437,ABO Friends,다회 ABO Friends 한정판 헌혈 트로피블록!,https://www.bloodinfo.net/knrcbs/pr/promtn/promtnInfoView.do?mi=1099&promtnSn=161541&result=L,2021.09.23,2021.11.30,혈액관리본부,2021.09.23,47404
438,ABO Friends,신규 ABO Friends 한정판 헌혈 트로피블록!,https://www.bloodinfo.net/knrcbs/pr/promtn/promtnInfoView.do?mi=1099&promtnSn=161539&result=L,2021.09.23,2021.11.30,혈액관리본부,2021.09.23,19192
439,ABO Friends,생애첫헌혈자 한정판 헌혈 트로피블록!,https://www.bloodinfo.net/knrcbs/pr/promtn/promtnInfoView.do?mi=1099&promtnSn=161537&result=L,2021.09.23,2021.11.30,혈액관리본부,2021.09.23,8077
440,ABO Friends,생애첫헌혈자 한정판 헌혈 트로피블록!,https://www.bloodinfo.net/knrcbs/pr/promtn/promtnInfoView.do?mi=1099&promtnSn=161497&result=L,2021.09.16,2021.11.30,혈액관리본부,2021.09.17,1852
441,ABO Friends,9월 라식수술 이벤트,https://www.bloodinfo.net/knrcbs/pr/promtn/promtnInfoView.do?mi=1099&promtnSn=161461&result=L,2021.09.07,2021.09.30,혈액관리본부,2021.09.07,5083
442,전국,디스패치와 함께하는「방탄소년단 디아이콘 매거진」증정 프로모션,https://www.bloodinfo.net/knrcbs/pr/promtn/promtnInfoView.do?mi=1099&promtnSn=161459&result=L,2021.09.06,2021.09.19,혈액관리본부,2021.09.06,65318
443,ABO Friends,ABO푸드페스티벌,https://www.bloodinfo.net/knrcbs/pr/promtn/promtnInfoView.do?mi=1099&promtnSn=161457&result=L,2021.09.08,2021.10.31,혈액관리본부,2021.09.06,35782
444,지역,레드커넥트로 간편하게 예약하고 헌혈에 참여해요!!,https://www.bloodinfo.net/knrcbs/pr/promtn/promtnInfoView.do?mi=1099&promtnSn=161421&result=L,2021.09.01,2021.09.30,경남,2021.09.01,9408
445,전국,레드커넥트 알림 받고! 건강도 챙기고!!,https://www.bloodinfo.net/knrcbs/pr/promtn/promtnInfoView.do?mi=1099&promtnSn=161417&result=L,2021.09.01,2021.09.30,혈액관리본부,2021.09.01,34323
446,지역,2021 추석맞이 마음전달 ‘헌혈을 부탁해’,https://www.bloodinfo.net/knrcbs/pr/promtn/promtnInfoView.do?mi=1099&promtnSn=161381&result=L,2021.08.30,2021.09.12,서울중앙,2021.08.30,10030
447,전국,대상그룹과 함께하는 전국민 동참 헌혈캠페인 레드챌린지,https://www.bloodinfo.net/knrcbs/pr/promtn/promtnInfoView.do?mi=1099&promtnSn=161337&result=L,2021.08.12,2021.08.20,혈액관리본부,2021.08.12,1938
448,ABO Friends,철든도서관,https://www.bloodinfo.net/knrcbs/pr/promtn/promtnInfoView.do?mi=1099&promtnSn=161297&result=L,2021.08.11,2021.09.30,혈액관리본부,2021.08.10,21618
449,전국,"단체헌혈 프로모션, bd챌린지",https://www.bloodinfo.net/knrcbs/pr/promtn/promtnInfoView.do?mi=1099&promtnSn=161267&result=L,2021.06.01,2022.11.30,혈액관리본부,2021.08.06,88657
450,전국,김진명 작가 '고구려' 1부 세트 증정 프로모션,https://www.bloodinfo.net/knrcbs/pr/promtn/promtnInfoView.do?mi=1099&promtnSn=161265&result=L,2021.08.09,2021.08.22,혈액관리본부,2021.08.06,14499
451,ABO Friends,ABO Friends 철든시상식 시즌2,https://www.bloodinfo.net/knrcbs/pr/promtn/promtnInfoView.do?mi=1099&promtnSn=161259&result=L,2021.08.11,2021.12.31,혈액관리본부,2021.08.06,53926
452,ABO Friends,8월 라식수술 이벤트,https://www.bloodinfo.net/knrcbs/pr/promtn/promtnInfoView.do?mi=1099&promtnSn=161257&result=L,2021.08.06,2021.08.31,혈액관리본부,2021.08.06,5932
453,지역,레드커넥트 앱예약 프로모션,https://www.bloodinfo.net/knrcbs/pr/promtn/promtnInfoView.do?mi=1099&promtnSn=161177&result=L,2021.08.01,2021.08.31,경남,2021.07.30,18413
454,전국,넥센타이어와 함께하는 여름맞이 생명안전 프로모션,https://www.bloodinfo.net/knrcbs/pr/promtn/promtnInfoView.do?mi=1099&promtnSn=161141&result=L,2021.07.26,2021.08.31,혈액관리본부,2021.07.26,21220
455,지역,HOT한 여름 COOL한 헌혈,https://www.bloodinfo.net/knrcbs/pr/promtn/promtnInfoView.do?mi=1099&promtnSn=161097&result=L,2021.07.23,2021.08.16,서울중앙,2021.07.23,16704
456,ABO Friends,7월 라식수술 이벤트,https://www.bloodinfo.net/knrcbs/pr/promtn/promtnInfoView.do?mi=1099&promtnSn=161063&result=L,2021.07.08,2021.07.31,혈액관리본부,2021.07.07,7108
457,지역,나랑 별 보러 가지 않을래?,https://www.bloodinfo.net/knrcbs/pr/promtn/promtnInfoView.do?mi=1099&promtnSn=161017&result=L,2021.07.05,2021.08.22,서울남부,2021.07.02,21380
458,전국,대상그룹과 함께하는 전국민 동참 헌혈캠페인 레드챌린지,https://www.bloodinfo.net/knrcbs/pr/promtn/promtnInfoView.do?mi=1099&promtnSn=160977&result=L,2021.07.01,2021.07.31,혈액관리본부,2021.07.01,646740
459,지역,6.14 세계헌혈자의 날 기념 나의 반려식물 프로모션,https://www.bloodinfo.net/knrcbs/pr/promtn/promtnInfoView.do?mi=1099&promtnSn=160939&result=L,2021.06.14,2021.06.14,부산,2021.06.11,4036
460,ABO Friends,6월 라식수술 이벤트,https://www.bloodinfo.net/knrcbs/pr/promtn/promtnInfoView.do?mi=1099&promtnSn=160897&result=L,2021.06.08,2021.06.30,혈액관리본부,2021.06.08,6706
461,전국,6.14 세계헌혈자의 날 기념 레드커넥트 신규 가입 헌혈 프로모션,https://www.bloodinfo.net/knrcbs/pr/promtn/promtnInfoView.do?mi=1099&promtnSn=160857&result=L,2021.06.07,2021.06.30,혈액관리본부,2021.06.04,34728
462,전국,EDGC와 함께하는 '6.14. 세계헌혈자의 날 기념' 혈통분석 유전자 검사 프로모션,https://www.bloodinfo.net/knrcbs/pr/promtn/promtnInfoView.do?mi=1099&promtnSn=160817&result=L,2021.06.07,2021.06.20,혈액관리본부,2021.06.02,21609
463,지역,경기혈액원과 함께하는 시원한 여름나기 프로모션,https://www.bloodinfo.net/knrcbs/pr/promtn/promtnInfoView.do?mi=1099&promtnSn=160781&result=L,2021.06.01,2021.07.31,경기,2021.05.27,21772
464,지역,충청남도 중장년! 헌혈하고 선물받자!,https://www.bloodinfo.net/knrcbs/pr/promtn/promtnInfoView.do?mi=1099&promtnSn=160753&result=L,2021.05.21,2021.12.19,대전세종충남,2021.05.20,34803
465,지역,세계헌혈자의 날 기념 '육일사 투게더',https://www.bloodinfo.net/knrcbs/pr/promtn/promtnInfoView.do?mi=1099&promtnSn=160699&result=L,2021.05.13,2021.06.30,서울동부,2021.05.11,51202
466,ABO Friends,5월 라식수술 이벤트,https://www.bloodinfo.net/knrcbs/pr/promtn/promtnInfoView.do?mi=1099&promtnSn=160627&result=L,2021.06.08,2021.06.08,혈액관리본부,2021.05.04,7872
467,전국, 고려은단과 함께하는 헌혈캠페인,https://www.bloodinfo.net/knrcbs/pr/promtn/promtnInfoView.do?mi=1099&promtnSn=160577&result=L,2021.05.13,2021.05.13,혈액관리본부,2021.04.28,16324
468,전국,4월에서 5월까지 헌혈해봄 프로모션,https://www.bloodinfo.net/knrcbs/pr/promtn/promtnInfoView.do?mi=1099&promtnSn=160539&result=L,2021.04.19,2021.05.18,혈액관리본부,2021.04.21,48911
469,전국,나눔테크와 함께하는 생명지킴 프로모션,https://www.bloodinfo.net/knrcbs/pr/promtn/promtnInfoView.do?mi=1099&promtnSn=160537&result=L,2021.04.21,2021.05.18,혈액관리본부,2021.04.21,37636
470,전국,씨월드고속훼리와 제주혈액원이 함께하는 헌혈자를 위한 가치나눔 프로젝트,https://www.bloodinfo.net/knrcbs/pr/promtn/promtnInfoView.do?mi=1099&promtnSn=160417&result=L,2021.04.01,2021.12.31,혈액관리본부,2021.04.09,68151
471,전국,넥센타이어와 함께하는 봄맞이 생명안전 프로모션,https://www.bloodinfo.net/knrcbs/pr/promtn/promtnInfoView.do?mi=1099&promtnSn=160339&result=L,2021.04.01,2021.05.31,혈액관리본부,2021.04.01,35326
472,지역,부산 시민과 함께하는 세계헌혈자의날 이벤트!,https://www.bloodinfo.net/knrcbs/pr/promtn/promtnInfoView.do?mi=1099&promtnSn=160337&result=L,2021.06.14,2021.06.14,부산,2021.03.31,24030
473,전국,2021 혈액원별 이벤트(서울/경기/인천/강원/제주),https://www.bloodinfo.net/knrcbs/pr/promtn/promtnInfoView.do?mi=1099&promtnSn=160141&result=L,2021.01.01,2022.01.07,혈액관리본부,2021.01.21,311918
474,전국,2021 혈액원별 이벤트(대전세종충남/충북/전북/광주전남),https://www.bloodinfo.net/knrcbs/pr/promtn/promtnInfoView.do?mi=1099&promtnSn=160139&result=L,2021.01.01,2022.01.07,혈액관리본부,2021.01.21,99274
475,전국,2021 혈액원별 이벤트(부산/대구경북/경남/울산),https://www.bloodinfo.net/knrcbs/pr/promtn/promtnInfoView.do?mi=1099&promtnSn=160137&result=L,2021.01.01,2022.01.07,혈액관리본부,2021.01.21,149563
476,전국,부산엑스더스카이 헌혈자 감사 이벤트,https://www.bloodinfo.net/knrcbs/pr/promtn/promtnInfoView.do?mi=1099&promtnSn=159933&result=L,2020.11.20,2021.11.30,혈액관리본부,2020.12.03,48782
